open,high,low,close,volume,datetime,symbol
57.0,57.55,56.86,57.12,4823,2022-02-01 14:30:00,ZNTL
56.715,57.09,56.605,57.09,8185,2022-02-01 14:35:00,ZNTL
56.435,56.48,56.02,56.33,4542,2022-02-01 14:40:00,ZNTL
55.95,56.27,55.95,56.27,1300,2022-02-01 14:45:00,ZNTL
56.05,56.47,56.05,56.47,3000,2022-02-01 14:50:00,ZNTL
56.34,56.39,56.34,56.37,400,2022-02-01 14:55:00,ZNTL
56.5,56.67,56.38,56.67,1300,2022-02-01 15:00:00,ZNTL
56.09,56.68,56.0425,56.2075,2500,2022-02-01 15:05:00,ZNTL
56.97,57.29,56.89,57.26,600,2022-02-01 15:10:00,ZNTL
57.25,57.55,56.73,56.85,1802,2022-02-01 15:15:00,ZNTL
56.81,57.38,56.81,57.29,1135,2022-02-01 15:20:00,ZNTL
57.19,57.2,57.03,57.18,535,2022-02-01 15:25:00,ZNTL
56.84,56.88,56.79,56.79,400,2022-02-01 15:30:00,ZNTL
56.76,57.08,56.46,56.63,1798,2022-02-01 15:35:00,ZNTL
56.89,56.89,56.88,56.88,200,2022-02-01 15:40:00,ZNTL
57.18,57.43,57.18,57.43,466,2022-02-01 15:50:00,ZNTL
57.58,57.635,57.4572,57.4572,1000,2022-02-01 15:55:00,ZNTL
57.65,57.65,57.505,57.505,1000,2022-02-01 16:00:00,ZNTL
57.61,58.11,57.6,58.11,1600,2022-02-01 16:05:00,ZNTL
58.1,58.46,58.1,58.33,700,2022-02-01 16:10:00,ZNTL
58.3,58.3,57.9425,58.075,1290,2022-02-01 16:15:00,ZNTL
58.07,58.24,58.07,58.095,1952,2022-02-01 16:20:00,ZNTL
58.25,58.5,58.25,58.5,800,2022-02-01 16:25:00,ZNTL
58.5,58.79,58.11,58.79,2662,2022-02-01 16:30:00,ZNTL
58.79,58.79,58.375,58.375,700,2022-02-01 16:35:00,ZNTL
58.72,59.01,58.72,59.01,700,2022-02-01 16:40:00,ZNTL
58.89,59.02,58.88,59.02,900,2022-02-01 16:45:00,ZNTL
58.97,58.97,58.7,58.805,1081,2022-02-01 16:50:00,ZNTL
58.8,58.8,58.77,58.77,200,2022-02-01 16:55:00,ZNTL
58.61,58.96,58.53,58.96,2600,2022-02-01 17:00:00,ZNTL
58.935,58.935,58.71,58.71,1000,2022-02-01 17:05:00,ZNTL
58.845,58.845,58.19,58.565,5746,2022-02-01 17:10:00,ZNTL
58.68,58.68,58.68,58.68,400,2022-02-01 17:15:00,ZNTL
58.68,58.91,58.68,58.91,700,2022-02-01 17:20:00,ZNTL
58.62,58.62,58.62,58.62,100,2022-02-01 17:25:00,ZNTL
58.29,58.45,58.18,58.45,3400,2022-02-01 17:30:00,ZNTL
58.56,59.0,58.56,59.0,2464,2022-02-01 17:35:00,ZNTL
58.68,59.06,58.68,59.025,3428,2022-02-01 17:40:00,ZNTL
59.0,59.11,58.96,59.11,5245,2022-02-01 17:45:00,ZNTL
59.065,59.065,59.065,59.065,100,2022-02-01 17:50:00,ZNTL
59.21,59.65,59.21,59.47,4970,2022-02-01 17:55:00,ZNTL
59.48,59.48,58.47,58.5,5845,2022-02-01 18:00:00,ZNTL
58.68,58.85,58.665,58.665,2700,2022-02-01 18:05:00,ZNTL
58.56,59.0,58.56,59.0,1687,2022-02-01 18:10:00,ZNTL
58.9375,59.01,58.935,59.01,500,2022-02-01 18:15:00,ZNTL
58.93,59.02,58.92,59.02,1056,2022-02-01 18:20:00,ZNTL
59.02,59.07,58.83,58.905,1909,2022-02-01 18:25:00,ZNTL
58.999,58.999,58.44,58.48,1059,2022-02-01 18:30:00,ZNTL
58.505,58.505,58.36,58.36,200,2022-02-01 18:35:00,ZNTL
58.36,58.36,58.01,58.03,300,2022-02-01 18:40:00,ZNTL
57.65,57.65,57.14,57.14,411,2022-02-01 18:45:00,ZNTL
57.16,57.55,56.94,57.55,1300,2022-02-01 18:50:00,ZNTL
57.55,57.66,57.365,57.66,575,2022-02-01 19:00:00,ZNTL
57.27,57.29,57.27,57.29,400,2022-02-01 19:05:00,ZNTL
57.44,57.44,57.44,57.44,100,2022-02-01 19:10:00,ZNTL
57.18,57.225,57.18,57.225,200,2022-02-01 19:15:00,ZNTL
56.8,56.8,56.8,56.8,200,2022-02-01 19:20:00,ZNTL
56.72,56.72,56.5,56.69,800,2022-02-01 19:25:00,ZNTL
56.74,56.75,56.71,56.75,300,2022-02-01 19:30:00,ZNTL
56.59,56.77,56.38,56.77,1900,2022-02-01 19:35:00,ZNTL
57.015,57.07,56.99,57.07,600,2022-02-01 19:40:00,ZNTL
56.94,56.94,56.92,56.92,200,2022-02-01 19:45:00,ZNTL
56.85,56.85,56.75,56.75,300,2022-02-01 19:50:00,ZNTL
56.85,56.93,56.705,56.705,12074,2022-02-01 19:55:00,ZNTL
56.93,57.12,56.85,57.12,1800,2022-02-01 20:00:00,ZNTL
56.97,56.97,56.83,56.885,700,2022-02-01 20:05:00,ZNTL
56.85,56.91,56.85,56.85,785,2022-02-01 20:10:00,ZNTL
56.77,56.91,56.51,56.91,1620,2022-02-01 20:15:00,ZNTL
57.04,57.04,56.855,56.96,1813,2022-02-01 20:20:00,ZNTL
57.0355,57.0355,56.62,56.9,2127,2022-02-01 20:25:00,ZNTL
56.92,57.41,56.92,57.34,2100,2022-02-01 20:30:00,ZNTL
57.32,57.46,57.17,57.17,4056,2022-02-01 20:35:00,ZNTL
57.29,57.58,57.29,57.35,3290,2022-02-01 20:40:00,ZNTL
57.29,57.48,57.18,57.26,4179,2022-02-01 20:45:00,ZNTL
57.42,58.02,57.42,57.81,6461,2022-02-01 20:50:00,ZNTL
58.08,58.27,57.89,57.95,24982,2022-02-01 20:55:00,ZNTL
57.95,57.95,57.95,57.95,44270,2022-02-01 21:00:00,ZNTL
57.5,59.08,57.5,58.755,13718,2022-02-02 14:30:00,ZNTL
57.82,58.23,57.68,58.23,400,2022-02-02 14:35:00,ZNTL
58.16,58.58,57.68,57.8075,8799,2022-02-02 14:40:00,ZNTL
58.36,58.36,58.36,58.36,100,2022-02-02 14:45:00,ZNTL
58.43,58.43,57.645,58.015,3594,2022-02-02 14:50:00,ZNTL
58.015,58.4,57.9,58.4,3754,2022-02-02 14:55:00,ZNTL
58.39,58.92,58.215,58.51,900,2022-02-02 15:00:00,ZNTL
58.41,58.58,58.41,58.58,200,2022-02-02 15:05:00,ZNTL
58.31,58.45,57.97,58.33,2000,2022-02-02 15:10:00,ZNTL
58.09,58.09,57.89,57.97,1900,2022-02-02 15:15:00,ZNTL
58.015,58.015,57.535,57.71,2000,2022-02-02 15:20:00,ZNTL
57.705,58.09,57.51,57.93,4273,2022-02-02 15:25:00,ZNTL
57.985,58.09,57.46,57.46,900,2022-02-02 15:30:00,ZNTL
57.19,57.82,57.14,57.76,3000,2022-02-02 15:35:00,ZNTL
57.765,57.765,57.205,57.34,6602,2022-02-02 15:40:00,ZNTL
57.335,57.355,57.16,57.355,900,2022-02-02 15:45:00,ZNTL
57.39,57.39,57.25,57.315,1007,2022-02-02 15:50:00,ZNTL
57.33,57.58,57.325,57.58,800,2022-02-02 15:55:00,ZNTL
57.76,57.76,57.44,57.69,1700,2022-02-02 16:00:00,ZNTL
57.59,58.13,57.59,58.13,4096,2022-02-02 16:05:00,ZNTL
57.995,58.23,57.86,58.19,4038,2022-02-02 16:10:00,ZNTL
58.155,58.18,57.915,58.08,6299,2022-02-02 16:15:00,ZNTL
58.15,58.67,58.15,58.5,6077,2022-02-02 16:20:00,ZNTL
58.5,58.5,58.2775,58.2775,328,2022-02-02 16:25:00,ZNTL
58.5,58.5,57.84,57.95,2628,2022-02-02 16:30:00,ZNTL
57.935,58.37,57.63,58.2,6900,2022-02-02 16:35:00,ZNTL
58.2,58.2,57.82,57.82,1200,2022-02-02 16:40:00,ZNTL
57.98,57.98,57.82,57.935,1100,2022-02-02 16:45:00,ZNTL
57.8,58.39,57.8,58.29,2700,2022-02-02 16:50:00,ZNTL
58.14,58.19,58.04,58.19,400,2022-02-02 16:55:00,ZNTL
58.35,58.35,57.77,57.93,2400,2022-02-02 17:00:00,ZNTL
58.1,58.67,58.1,58.2,12100,2022-02-02 17:05:00,ZNTL
58.18,58.245,58.0,58.245,300,2022-02-02 17:10:00,ZNTL
58.0,58.105,57.75,57.75,8198,2022-02-02 17:15:00,ZNTL
57.73,57.905,57.72,57.905,1322,2022-02-02 17:20:00,ZNTL
57.955,58.1,57.75,57.85,7395,2022-02-02 17:25:00,ZNTL
57.97,57.97,57.83,57.9,1200,2022-02-02 17:30:00,ZNTL
57.925,58.11,57.76,58.08,3169,2022-02-02 17:35:00,ZNTL
58.15,58.24,58.01,58.01,1312,2022-02-02 17:40:00,ZNTL
58.105,58.26,58.0,58.26,1000,2022-02-02 17:45:00,ZNTL
58.26,58.27,58.26,58.27,200,2022-02-02 17:50:00,ZNTL
58.07,58.165,58.02,58.12,1000,2022-02-02 17:55:00,ZNTL
58.01,58.62,57.97,58.35,3745,2022-02-02 18:00:00,ZNTL
58.335,58.335,58.325,58.325,200,2022-02-02 18:05:00,ZNTL
58.19,58.19,57.9225,57.9225,800,2022-02-02 18:10:00,ZNTL
57.99,58.29,57.97,58.29,1865,2022-02-02 18:15:00,ZNTL
58.13,58.13,58.03,58.08,300,2022-02-02 18:20:00,ZNTL
57.92,58.21,57.9,58.17,2037,2022-02-02 18:25:00,ZNTL
57.87,58.2,57.87,58.0,800,2022-02-02 18:30:00,ZNTL
58.18,58.35,58.18,58.35,2094,2022-02-02 18:35:00,ZNTL
58.29,58.29,58.02,58.02,400,2022-02-02 18:40:00,ZNTL
58.075,58.075,57.81,57.98,1200,2022-02-02 18:45:00,ZNTL
58.015,58.015,57.88,58.0,1500,2022-02-02 18:50:00,ZNTL
58.01,58.26,57.88,57.985,4255,2022-02-02 18:55:00,ZNTL
57.985,58.12,57.9125,58.12,1875,2022-02-02 19:00:00,ZNTL
58.05,58.05,57.95,57.995,700,2022-02-02 19:05:00,ZNTL
58.1,58.18,57.89,57.94,3037,2022-02-02 19:10:00,ZNTL
57.88,57.88,57.64,57.73,1324,2022-02-02 19:15:00,ZNTL
57.64,57.64,57.64,57.64,100,2022-02-02 19:20:00,ZNTL
57.5,57.96,57.5,57.695,5652,2022-02-02 19:25:00,ZNTL
57.695,57.94,57.695,57.94,1100,2022-02-02 19:30:00,ZNTL
57.96,57.96,57.74,57.74,1400,2022-02-02 19:35:00,ZNTL
57.82,57.95,57.69,57.76,2021,2022-02-02 19:40:00,ZNTL
57.77,57.77,57.65,57.725,3400,2022-02-02 19:45:00,ZNTL
57.69,57.83,57.64,57.83,5736,2022-02-02 19:50:00,ZNTL
57.84,57.88,57.79,57.88,400,2022-02-02 19:55:00,ZNTL
57.75,58.01,57.73,58.01,4400,2022-02-02 20:00:00,ZNTL
58.08,58.2,58.08,58.2,300,2022-02-02 20:05:00,ZNTL
58.0,58.025,57.9,57.9,400,2022-02-02 20:10:00,ZNTL
58.13,58.46,58.13,58.38,1900,2022-02-02 20:15:00,ZNTL
58.43,58.515,57.94,57.94,2200,2022-02-02 20:20:00,ZNTL
57.87,57.89,57.65,57.795,1925,2022-02-02 20:25:00,ZNTL
58.02,58.02,57.64,57.93,2351,2022-02-02 20:30:00,ZNTL
58.02,58.02,57.84,57.91,600,2022-02-02 20:35:00,ZNTL
57.76,57.89,57.75,57.8,800,2022-02-02 20:40:00,ZNTL
57.95,58.07,57.85,58.05,2000,2022-02-02 20:45:00,ZNTL
57.89,57.92,57.73,57.84,10795,2022-02-02 20:50:00,ZNTL
57.83,58.12,57.765,58.01,11920,2022-02-02 20:55:00,ZNTL
57.9,57.9,57.9,57.9,45729,2022-02-02 21:00:00,ZNTL
56.44,57.85,56.44,56.505,4702,2022-02-03 14:30:00,ZNTL
56.415,57.8,56.415,57.72,4200,2022-02-03 14:35:00,ZNTL
57.72,57.72,57.72,57.72,200,2022-02-03 14:40:00,ZNTL
57.37,57.5175,57.37,57.5175,520,2022-02-03 14:45:00,ZNTL
57.08,57.34,57.0,57.0,500,2022-02-03 14:50:00,ZNTL
57.08,57.36,57.05,57.235,1200,2022-02-03 14:55:00,ZNTL
56.78,56.78,56.78,56.78,400,2022-02-03 15:00:00,ZNTL
56.73,57.06,56.73,57.06,600,2022-02-03 15:10:00,ZNTL
57.13,57.8,57.13,57.8,300,2022-02-03 15:15:00,ZNTL
57.93,57.94,57.69,57.69,2040,2022-02-03 15:35:00,ZNTL
57.7,57.7,57.7,57.7,100,2022-02-03 15:40:00,ZNTL
57.45,57.49,57.45,57.49,200,2022-02-03 15:45:00,ZNTL
57.13,57.5,57.13,57.5,600,2022-02-03 15:50:00,ZNTL
57.59,57.94,57.4,57.7,52072,2022-02-03 15:55:00,ZNTL
58.07,58.13,57.66,57.6725,1494,2022-02-03 16:00:00,ZNTL
57.615,57.78,57.12,57.765,11479,2022-02-03 16:05:00,ZNTL
57.55,57.78,57.55,57.57,1046,2022-02-03 16:10:00,ZNTL
57.59,57.925,57.51,57.925,2200,2022-02-03 16:15:00,ZNTL
57.735,57.735,57.735,57.735,200,2022-02-03 16:20:00,ZNTL
57.55,57.65,57.46,57.65,4000,2022-02-03 16:25:00,ZNTL
57.7,57.76,57.38,57.505,600,2022-02-03 16:30:00,ZNTL
57.505,57.51,57.505,57.51,300,2022-02-03 16:35:00,ZNTL
57.525,57.84,57.525,57.69,1400,2022-02-03 16:40:00,ZNTL
57.56,57.69,57.55,57.69,506,2022-02-03 16:45:00,ZNTL
57.65,57.65,57.52,57.645,1200,2022-02-03 16:50:00,ZNTL
57.635,57.65,57.5,57.65,1003,2022-02-03 16:55:00,ZNTL
57.445,57.63,57.33,57.63,2590,2022-02-03 17:00:00,ZNTL
57.55,57.7,57.55,57.55,10400,2022-02-03 17:05:00,ZNTL
57.54,57.79,57.54,57.755,700,2022-02-03 17:10:00,ZNTL
57.65,57.65,56.955,57.23,5879,2022-02-03 17:15:00,ZNTL
57.055,57.07,57.055,57.065,1397,2022-02-03 17:20:00,ZNTL
57.01,57.13,56.85,57.065,2200,2022-02-03 17:25:00,ZNTL
56.915,56.915,56.63,56.63,1100,2022-02-03 17:30:00,ZNTL
56.56,57.05,56.56,57.05,2592,2022-02-03 17:35:00,ZNTL
57.05,57.075,57.0,57.025,1300,2022-02-03 17:40:00,ZNTL
57.0325,57.045,57.0325,57.035,400,2022-02-03 17:45:00,ZNTL
57.05,57.05,56.96,56.965,797,2022-02-03 17:50:00,ZNTL
56.91,56.91,56.84,56.9,600,2022-02-03 18:05:00,ZNTL
56.77,57.05,56.77,57.05,1700,2022-02-03 18:10:00,ZNTL
57.19,57.29,57.08,57.21,884,2022-02-03 18:15:00,ZNTL
57.36,57.62,57.36,57.49,400,2022-02-03 18:20:00,ZNTL
57.47,57.47,57.33,57.33,500,2022-02-03 18:25:00,ZNTL
57.32,57.32,57.26,57.26,335,2022-02-03 18:35:00,ZNTL
57.28,57.28,57.28,57.28,100,2022-02-03 18:40:00,ZNTL
57.265,57.53,57.1925,57.53,2500,2022-02-03 18:45:00,ZNTL
57.38,57.41,57.38,57.41,200,2022-02-03 18:50:00,ZNTL
57.59,57.6,57.58,57.6,300,2022-02-03 18:55:00,ZNTL
57.53,57.78,57.53,57.78,601,2022-02-03 19:00:00,ZNTL
57.58,57.61,57.46,57.61,300,2022-02-03 19:05:00,ZNTL
57.46,57.46,57.28,57.45,1100,2022-02-03 19:10:00,ZNTL
57.38,57.38,57.25,57.38,400,2022-02-03 19:15:00,ZNTL
57.235,57.235,57.235,57.235,2300,2022-02-03 19:20:00,ZNTL
57.12,57.12,57.095,57.095,500,2022-02-03 19:25:00,ZNTL
57.09,57.09,56.98,56.98,419,2022-02-03 19:30:00,ZNTL
56.98,57.03,56.9,56.95,2002,2022-02-03 19:35:00,ZNTL
56.8,56.83,56.725,56.76,716,2022-02-03 19:40:00,ZNTL
56.55,56.6,56.48,56.48,608,2022-02-03 19:45:00,ZNTL
56.4,56.62,56.4,56.62,200,2022-02-03 19:50:00,ZNTL
56.66,56.68,56.4,56.4,700,2022-02-03 19:55:00,ZNTL
56.3,56.49,56.02,56.02,1310,2022-02-03 20:00:00,ZNTL
55.83,55.83,55.8,55.8,200,2022-02-03 20:05:00,ZNTL
55.92,55.94,55.92,55.94,200,2022-02-03 20:10:00,ZNTL
56.03,56.1,55.93,55.93,700,2022-02-03 20:15:00,ZNTL
56.13,56.29,56.1,56.1,1092,2022-02-03 20:20:00,ZNTL
55.87,55.87,55.78,55.78,429,2022-02-03 20:25:00,ZNTL
55.665,55.84,55.62,55.62,966,2022-02-03 20:30:00,ZNTL
55.6,55.6,55.39,55.39,640,2022-02-03 20:35:00,ZNTL
55.51,55.59,55.17,55.17,1949,2022-02-03 20:40:00,ZNTL
55.41,55.52,55.21,55.4,2300,2022-02-03 20:45:00,ZNTL
55.39,55.39,54.76,54.87,3978,2022-02-03 20:50:00,ZNTL
54.97,55.45,54.93,55.07,12857,2022-02-03 20:55:00,ZNTL
55.05,55.05,55.05,55.05,37802,2022-02-03 21:00:00,ZNTL
54.78,55.19,54.345,54.405,2298,2022-02-04 14:30:00,ZNTL
54.4,54.4,53.59,54.029,1556,2022-02-04 14:35:00,ZNTL
54.05,54.28,53.71,53.71,4100,2022-02-04 14:40:00,ZNTL
53.96,54.08,53.29,53.29,3200,2022-02-04 14:45:00,ZNTL
53.26,53.26,52.37,52.8,1600,2022-02-04 14:50:00,ZNTL
52.89,53.3,52.79,52.8,800,2022-02-04 14:55:00,ZNTL
52.83,52.85,52.81,52.81,300,2022-02-04 15:00:00,ZNTL
53.21,53.29,52.315,52.41,4600,2022-02-04 15:05:00,ZNTL
52.39,52.57,52.39,52.57,3127,2022-02-04 15:10:00,ZNTL
52.565,52.81,52.395,52.81,2100,2022-02-04 15:15:00,ZNTL
53.02,53.135,52.94,52.975,1227,2022-02-04 15:20:00,ZNTL
53.05,53.07,52.76,52.76,1625,2022-02-04 15:25:00,ZNTL
53.04,53.28,52.81,53.225,9197,2022-02-04 15:30:00,ZNTL
53.39,53.39,53.03,53.03,1385,2022-02-04 15:35:00,ZNTL
53.1225,53.1225,53.025,53.025,300,2022-02-04 15:40:00,ZNTL
52.58,52.66,52.395,52.66,2300,2022-02-04 15:45:00,ZNTL
52.87,53.0,52.56,53.0,2587,2022-02-04 15:50:00,ZNTL
52.8,52.805,52.34,52.71,1200,2022-02-04 15:55:00,ZNTL
53.0,53.07,53.0,53.025,900,2022-02-04 16:05:00,ZNTL
52.81,52.81,52.6625,52.6625,212,2022-02-04 16:10:00,ZNTL
52.395,52.43,52.01,52.305,500,2022-02-04 16:20:00,ZNTL
52.33,52.53,52.16,52.29,4834,2022-02-04 16:25:00,ZNTL
52.42,53.0,52.39,53.0,1480,2022-02-04 16:30:00,ZNTL
53.12,53.24,53.0,53.11,1605,2022-02-04 16:35:00,ZNTL
53.125,53.125,53.0,53.015,900,2022-02-04 16:40:00,ZNTL
53.14,53.14,52.98,53.0,700,2022-02-04 16:45:00,ZNTL
53.045,53.045,53.045,53.045,100,2022-02-04 16:50:00,ZNTL
53.05,53.27,53.04,53.055,1550,2022-02-04 16:55:00,ZNTL
52.845,52.845,52.845,52.845,100,2022-02-04 17:00:00,ZNTL
52.85,52.85,52.47,52.47,644,2022-02-04 17:05:00,ZNTL
52.48,52.695,52.22,52.51,2763,2022-02-04 17:10:00,ZNTL
52.495,52.715,52.39,52.47,1432,2022-02-04 17:15:00,ZNTL
52.46,52.47,52.14,52.19,916,2022-02-04 17:20:00,ZNTL
52.09,52.47,52.09,52.47,1912,2022-02-04 17:25:00,ZNTL
52.47,52.49,52.29,52.34,1100,2022-02-04 17:30:00,ZNTL
52.265,52.265,52.02,52.02,200,2022-02-04 17:35:00,ZNTL
52.36,52.495,52.17,52.17,1000,2022-02-04 17:40:00,ZNTL
52.39,52.64,52.39,52.64,2551,2022-02-04 17:50:00,ZNTL
52.69,52.9,52.69,52.71,2916,2022-02-04 17:55:00,ZNTL
52.72,52.83,52.635,52.75,1834,2022-02-04 18:00:00,ZNTL
52.635,52.86,52.495,52.79,900,2022-02-04 18:05:00,ZNTL
52.98,53.01,52.735,53.01,800,2022-02-04 18:10:00,ZNTL
52.9918,53.17,52.9918,53.17,900,2022-02-04 18:15:00,ZNTL
53.175,53.23,53.14,53.2,1000,2022-02-04 18:20:00,ZNTL
53.205,53.205,53.205,53.205,100,2022-02-04 18:25:00,ZNTL
53.22,53.22,53.22,53.22,100,2022-02-04 18:30:00,ZNTL
53.23,53.23,52.995,53.075,1800,2022-02-04 18:35:00,ZNTL
53.1005,53.11,53.04,53.05,880,2022-02-04 18:40:00,ZNTL
52.82,52.925,52.7,52.83,2167,2022-02-04 18:45:00,ZNTL
52.925,52.955,52.925,52.955,200,2022-02-04 18:50:00,ZNTL
53.07,53.07,52.75,52.93,1947,2022-02-04 18:55:00,ZNTL
52.95,52.95,52.84,52.84,414,2022-02-04 19:00:00,ZNTL
52.79,52.895,52.73,52.895,300,2022-02-04 19:05:00,ZNTL
52.85,52.895,52.39,52.69,2852,2022-02-04 19:10:00,ZNTL
52.51,52.51,52.49,52.49,300,2022-02-04 19:15:00,ZNTL
52.08,52.53,52.08,52.53,400,2022-02-04 19:20:00,ZNTL
52.595,52.595,52.595,52.595,100,2022-02-04 19:25:00,ZNTL
52.455,52.625,52.455,52.545,1300,2022-02-04 19:30:00,ZNTL
52.82,52.92,52.82,52.92,400,2022-02-04 19:35:00,ZNTL
53.11,53.11,52.68,52.68,1824,2022-02-04 19:40:00,ZNTL
52.93,52.93,52.62,52.62,2161,2022-02-04 19:45:00,ZNTL
52.55,52.91,52.55,52.91,803,2022-02-04 19:50:00,ZNTL
52.81,53.0,52.77,53.0,400,2022-02-04 19:55:00,ZNTL
53.03,53.1,53.0,53.035,1100,2022-02-04 20:00:00,ZNTL
53.035,53.035,52.91,52.97,1561,2022-02-04 20:05:00,ZNTL
53.02,53.03,52.845,52.845,702,2022-02-04 20:10:00,ZNTL
52.98,52.98,52.86,52.86,1512,2022-02-04 20:15:00,ZNTL
52.72,52.97,52.7,52.8705,2714,2022-02-04 20:20:00,ZNTL
52.82,53.02,52.82,53.02,2427,2022-02-04 20:25:00,ZNTL
53.05,53.11,52.93,53.03,3102,2022-02-04 20:30:00,ZNTL
53.04,53.06,52.97,53.045,750,2022-02-04 20:35:00,ZNTL
53.05,53.17,53.02,53.1,2656,2022-02-04 20:40:00,ZNTL
53.15,53.15,52.91,52.99,3200,2022-02-04 20:45:00,ZNTL
53.04,53.23,52.815,52.92,3542,2022-02-04 20:50:00,ZNTL
52.86,53.12,52.615,53.06,10533,2022-02-04 20:55:00,ZNTL
53.06,53.06,53.06,53.06,42983,2022-02-04 21:00:00,ZNTL
53.06,53.06,53.06,53.06,3270,2022-02-04 22:05:00,ZNTL
52.95,52.95,52.95,52.95,926,2022-02-07 14:30:00,ZNTL
52.26,54.33,52.26,52.45,400,2022-02-07 14:35:00,ZNTL
52.76,53.245,52.76,52.87,1100,2022-02-07 14:40:00,ZNTL
53.2,53.78,52.91,53.41,2509,2022-02-07 14:45:00,ZNTL
53.54,54.34,53.4,53.45,2217,2022-02-07 14:50:00,ZNTL
53.46,54.79,53.41,53.94,5441,2022-02-07 14:55:00,ZNTL
53.97,54.58,53.91,54.16,3021,2022-02-07 15:00:00,ZNTL
54.0,54.86,53.83,54.86,3000,2022-02-07 15:05:00,ZNTL
54.26,54.26,53.2238,53.32,1000,2022-02-07 15:10:00,ZNTL
53.5,54.04,53.5,53.8,1400,2022-02-07 15:15:00,ZNTL
53.625,53.625,53.625,53.625,100,2022-02-07 15:20:00,ZNTL
53.35,53.705,53.33,53.33,1228,2022-02-07 15:25:00,ZNTL
53.32,53.34,52.66,52.67,1000,2022-02-07 15:30:00,ZNTL
52.925,52.925,52.915,52.915,400,2022-02-07 15:35:00,ZNTL
52.915,53.09,52.91,52.91,800,2022-02-07 15:40:00,ZNTL
52.91,53.57,52.91,53.39,2000,2022-02-07 15:45:00,ZNTL
53.15,53.21,53.15,53.21,600,2022-02-07 15:50:00,ZNTL
53.295,53.67,53.29,53.67,1800,2022-02-07 15:55:00,ZNTL
53.64,53.885,53.38,53.38,1000,2022-02-07 16:00:00,ZNTL
53.38,53.75,53.24,53.24,1473,2022-02-07 16:05:00,ZNTL
53.49,53.51,53.49,53.51,600,2022-02-07 16:10:00,ZNTL
53.25,53.25,53.25,53.25,400,2022-02-07 16:15:00,ZNTL
53.305,53.565,53.16,53.27,900,2022-02-07 16:20:00,ZNTL
53.55,53.625,53.3801,53.625,2601,2022-02-07 16:25:00,ZNTL
53.31,53.31,53.25,53.25,700,2022-02-07 16:30:00,ZNTL
53.25,53.385,53.175,53.175,2200,2022-02-07 16:35:00,ZNTL
53.29,53.365,53.185,53.2,1400,2022-02-07 16:40:00,ZNTL
52.77,53.095,52.77,53.095,200,2022-02-07 16:45:00,ZNTL
52.83,52.84,52.56,52.58,2400,2022-02-07 16:50:00,ZNTL
52.69,53.11,52.58,53.11,1700,2022-02-07 16:55:00,ZNTL
52.96,52.96,52.91,52.91,200,2022-02-07 17:00:00,ZNTL
52.85,53.095,52.85,52.96,800,2022-02-07 17:05:00,ZNTL
52.965,53.09,52.8,52.84,1400,2022-02-07 17:10:00,ZNTL
52.77,53.03,52.77,53.03,600,2022-02-07 17:15:00,ZNTL
53.13,53.27,53.13,53.27,900,2022-02-07 17:20:00,ZNTL
53.3825,53.3825,53.05,53.05,700,2022-02-07 17:25:00,ZNTL
53.0,53.115,53.0,53.115,300,2022-02-07 17:30:00,ZNTL
53.01,53.31,52.77,52.77,2600,2022-02-07 17:35:00,ZNTL
52.99,53.15,52.85,52.85,1100,2022-02-07 17:40:00,ZNTL
52.9425,53.17,52.78,53.17,1705,2022-02-07 17:45:00,ZNTL
53.16,53.42,53.16,53.29,600,2022-02-07 17:50:00,ZNTL
53.375,53.375,53.22,53.22,1000,2022-02-07 17:55:00,ZNTL
53.32,53.35,53.15,53.35,900,2022-02-07 18:00:00,ZNTL
53.31,53.65,53.31,53.57,2901,2022-02-07 18:05:00,ZNTL
53.59,53.76,53.43,53.76,2000,2022-02-07 18:10:00,ZNTL
53.68,53.8,53.58,53.58,1700,2022-02-07 18:15:00,ZNTL
53.59,53.7,53.47,53.58,2180,2022-02-07 18:20:00,ZNTL
53.45,53.48,53.21,53.42,1600,2022-02-07 18:25:00,ZNTL
53.39,53.53,53.35,53.35,1300,2022-02-07 18:30:00,ZNTL
53.435,53.53,53.42,53.43,900,2022-02-07 18:35:00,ZNTL
53.38,53.3925,53.29,53.34,2200,2022-02-07 18:40:00,ZNTL
53.2,53.25,52.99,52.99,900,2022-02-07 18:45:00,ZNTL
52.95,53.065,52.79,52.79,600,2022-02-07 18:50:00,ZNTL
53.1,53.24,53.05,53.105,1387,2022-02-07 18:55:00,ZNTL
53.105,53.11,52.95,52.98,1280,2022-02-07 19:00:00,ZNTL
53.05,53.06,52.57,52.57,3100,2022-02-07 19:05:00,ZNTL
52.75,53.05,52.58,52.93,3572,2022-02-07 19:10:00,ZNTL
52.75,52.98,52.75,52.89,700,2022-02-07 19:15:00,ZNTL
52.79,52.91,52.57,52.91,800,2022-02-07 19:20:00,ZNTL
52.67,53.06,52.67,53.02,2000,2022-02-07 19:25:00,ZNTL
52.87,52.93,52.78,52.78,400,2022-02-07 19:30:00,ZNTL
52.92,53.25,52.8,53.17,5670,2022-02-07 19:35:00,ZNTL
53.07,53.29,53.07,53.16,1200,2022-02-07 19:40:00,ZNTL
53.33,53.43,53.2,53.365,1200,2022-02-07 19:45:00,ZNTL
53.305,53.305,53.15,53.3,1000,2022-02-07 19:50:00,ZNTL
53.2,53.73,53.18,53.73,1942,2022-02-07 19:55:00,ZNTL
53.52,53.915,53.5,53.83,1400,2022-02-07 20:00:00,ZNTL
54.13,54.13,53.69,53.85,2700,2022-02-07 20:05:00,ZNTL
53.97,54.35,53.97,54.305,600,2022-02-07 20:10:00,ZNTL
54.26,54.325,54.26,54.325,700,2022-02-07 20:15:00,ZNTL
54.25,54.42,54.21,54.42,2308,2022-02-07 20:20:00,ZNTL
54.395,54.405,54.14,54.2075,2232,2022-02-07 20:25:00,ZNTL
54.3,54.39,54.18,54.25,5169,2022-02-07 20:30:00,ZNTL
54.26,54.32,53.89,53.89,2700,2022-02-07 20:35:00,ZNTL
53.72,54.005,53.71,53.85,4632,2022-02-07 20:40:00,ZNTL
53.69,53.75,53.48,53.565,4149,2022-02-07 20:45:00,ZNTL
53.75,53.94,53.57,53.72,4552,2022-02-07 20:50:00,ZNTL
53.62,53.91,53.58,53.76,17733,2022-02-07 20:55:00,ZNTL
53.85,53.85,53.85,53.85,40087,2022-02-07 21:00:00,ZNTL
53.0,53.0,52.16,52.16,2523,2022-02-08 14:30:00,ZNTL
52.25,52.33,50.98,51.66,3500,2022-02-08 14:35:00,ZNTL
51.7,52.26,51.61,51.77,11146,2022-02-08 14:40:00,ZNTL
51.7,51.84,51.38,51.615,4300,2022-02-08 14:45:00,ZNTL
51.52,51.72,51.16,51.16,7411,2022-02-08 14:50:00,ZNTL
51.3,51.3,50.71,50.71,300,2022-02-08 14:55:00,ZNTL
50.7,50.7,50.17,50.28,1200,2022-02-08 15:00:00,ZNTL
50.11,50.49,50.1,50.49,500,2022-02-08 15:05:00,ZNTL
50.59,50.92,50.59,50.92,800,2022-02-08 15:10:00,ZNTL
50.78,50.895,50.49,50.77,800,2022-02-08 15:15:00,ZNTL
50.96,50.96,50.48,50.5,4740,2022-02-08 15:20:00,ZNTL
50.18,50.18,50.18,50.18,100,2022-02-08 15:25:00,ZNTL
50.005,50.005,49.95,50.0,4614,2022-02-08 15:30:00,ZNTL
49.975,50.31,49.97,50.14,2501,2022-02-08 15:35:00,ZNTL
50.015,50.23,49.94,49.94,3100,2022-02-08 15:45:00,ZNTL
50.0,50.42,49.88,50.4,2565,2022-02-08 15:50:00,ZNTL
50.21,50.5,50.21,50.41,1100,2022-02-08 15:55:00,ZNTL
50.51,50.6134,50.51,50.6134,700,2022-02-08 16:00:00,ZNTL
50.805,50.805,50.805,50.805,100,2022-02-08 16:05:00,ZNTL
50.75,50.96,50.62,50.96,1411,2022-02-08 16:10:00,ZNTL
50.94,50.94,50.7,50.705,3927,2022-02-08 16:15:00,ZNTL
50.75,50.75,50.705,50.75,500,2022-02-08 16:20:00,ZNTL
50.78,50.78,50.365,50.455,5300,2022-02-08 16:25:00,ZNTL
50.45,50.52,50.3,50.35,1900,2022-02-08 16:30:00,ZNTL
50.35,50.55,50.35,50.42,900,2022-02-08 16:35:00,ZNTL
50.35,50.45,50.31,50.45,1515,2022-02-08 16:40:00,ZNTL
50.415,50.54,50.415,50.425,300,2022-02-08 16:45:00,ZNTL
50.43,50.43,50.43,50.43,296,2022-02-08 16:50:00,ZNTL
50.56,50.58,50.335,50.42,1526,2022-02-08 16:55:00,ZNTL
50.39,50.57,50.35,50.35,1200,2022-02-08 17:00:00,ZNTL
50.35,50.43,50.35,50.36,1000,2022-02-08 17:05:00,ZNTL
50.35,50.35,50.3,50.31,900,2022-02-08 17:10:00,ZNTL
50.35,50.49,50.35,50.48,700,2022-02-08 17:15:00,ZNTL
50.44,50.57,50.44,50.45,3085,2022-02-08 17:20:00,ZNTL
50.42,50.45,50.395,50.45,1100,2022-02-08 17:25:00,ZNTL
50.52,50.64,50.5,50.57,10648,2022-02-08 17:30:00,ZNTL
50.53,50.53,50.42,50.43,800,2022-02-08 17:35:00,ZNTL
50.495,50.495,50.48,50.48,200,2022-02-08 17:40:00,ZNTL
50.45,50.45,50.315,50.315,500,2022-02-08 17:45:00,ZNTL
50.27,50.27,50.18,50.2,500,2022-02-08 17:50:00,ZNTL
50.135,50.135,50.135,50.135,100,2022-02-08 17:55:00,ZNTL
50.0,50.22,49.93,50.22,1500,2022-02-08 18:00:00,ZNTL
50.275,50.4,50.275,50.4,700,2022-02-08 18:05:00,ZNTL
50.72,50.72,50.57,50.72,900,2022-02-08 18:10:00,ZNTL
50.74,50.75,50.74,50.75,600,2022-02-08 18:15:00,ZNTL
50.8,50.8,50.6,50.605,600,2022-02-08 18:20:00,ZNTL
50.53,50.53,50.43,50.43,300,2022-02-08 18:25:00,ZNTL
50.55,50.65,50.55,50.65,600,2022-02-08 18:35:00,ZNTL
50.47,50.47,50.41,50.41,400,2022-02-08 18:40:00,ZNTL
50.42,50.51,50.31,50.35,1300,2022-02-08 18:45:00,ZNTL
50.2,50.2,50.11,50.115,500,2022-02-08 18:50:00,ZNTL
50.29,50.29,50.29,50.29,158,2022-02-08 18:55:00,ZNTL
50.29,50.29,49.925,50.03,8738,2022-02-08 19:00:00,ZNTL
50.13,50.35,50.1275,50.35,1600,2022-02-08 19:05:00,ZNTL
50.325,50.325,50.095,50.3,3787,2022-02-08 19:10:00,ZNTL
50.01,50.01,49.97,49.97,1640,2022-02-08 19:15:00,ZNTL
50.0,50.0,49.8,49.905,4359,2022-02-08 19:20:00,ZNTL
49.79,49.79,49.56,49.63,2920,2022-02-08 19:25:00,ZNTL
49.63,49.93,49.625,49.87,1500,2022-02-08 19:30:00,ZNTL
49.88,49.98,49.88,49.98,300,2022-02-08 19:35:00,ZNTL
49.98,49.98,49.835,49.835,700,2022-02-08 19:40:00,ZNTL
49.835,50.11,49.835,50.03,2100,2022-02-08 19:45:00,ZNTL
50.055,50.35,50.055,50.3294,1000,2022-02-08 19:50:00,ZNTL
50.475,50.515,50.23,50.415,1882,2022-02-08 19:55:00,ZNTL
50.455,50.7,50.45,50.7,1000,2022-02-08 20:00:00,ZNTL
50.79,50.93,50.695,50.93,300,2022-02-08 20:05:00,ZNTL
50.78,51.22,50.78,51.185,1400,2022-02-08 20:10:00,ZNTL
51.14,51.14,50.99,50.99,1100,2022-02-08 20:15:00,ZNTL
50.99,51.01,50.99,51.01,200,2022-02-08 20:20:00,ZNTL
51.0,51.04,50.51,50.57,2800,2022-02-08 20:25:00,ZNTL
50.69,50.84,50.62,50.725,2315,2022-02-08 20:30:00,ZNTL
50.76,50.76,50.61,50.66,1500,2022-02-08 20:35:00,ZNTL
50.66,51.175,50.66,50.915,2600,2022-02-08 20:40:00,ZNTL
50.97,51.0,50.785,50.87,2500,2022-02-08 20:45:00,ZNTL
50.8,50.97,50.64,50.97,3700,2022-02-08 20:50:00,ZNTL
50.92,50.975,50.63,50.76,13174,2022-02-08 20:55:00,ZNTL
50.76,50.76,50.76,50.76,31783,2022-02-08 21:00:00,ZNTL
52.14,52.14,52.14,52.14,165,2022-02-09 14:25:00,ZNTL
52.07,53.495,50.42,53.325,3438,2022-02-09 14:30:00,ZNTL
52.85,53.34,52.765,53.34,1711,2022-02-09 14:35:00,ZNTL
52.89,53.265,52.83,52.83,1832,2022-02-09 14:40:00,ZNTL
52.93,53.24,52.66,52.98,11824,2022-02-09 14:45:00,ZNTL
53.015,53.52,53.015,53.51,4195,2022-02-09 14:50:00,ZNTL
53.94,54.12,53.74,54.1,2700,2022-02-09 14:55:00,ZNTL
54.155,54.435,53.94,53.94,3206,2022-02-09 15:00:00,ZNTL
53.35,53.35,53.03,53.03,400,2022-02-09 15:10:00,ZNTL
52.94,53.075,52.8,52.94,5235,2022-02-09 15:15:00,ZNTL
53.02,53.21,53.02,53.12,575,2022-02-09 15:20:00,ZNTL
53.315,53.315,53.29,53.29,300,2022-02-09 15:25:00,ZNTL
53.325,53.69,53.325,53.41,1500,2022-02-09 15:35:00,ZNTL
53.395,53.395,52.86,52.86,3342,2022-02-09 15:40:00,ZNTL
52.86,52.97,52.86,52.92,500,2022-02-09 15:45:00,ZNTL
52.93,53.06,52.93,53.06,200,2022-02-09 15:50:00,ZNTL
53.05,53.465,52.88,52.88,3750,2022-02-09 15:55:00,ZNTL
53.056,53.056,53.045,53.045,450,2022-02-09 16:00:00,ZNTL
53.04,53.065,52.89,53.065,1100,2022-02-09 16:05:00,ZNTL
53.065,53.125,52.58,52.58,2468,2022-02-09 16:10:00,ZNTL
52.64,52.805,52.64,52.805,200,2022-02-09 16:15:00,ZNTL
52.86,53.19,52.86,52.94,3013,2022-02-09 16:20:00,ZNTL
53.0,53.0,52.96,52.98,1450,2022-02-09 16:25:00,ZNTL
52.88,53.04,52.88,52.98,1770,2022-02-09 16:30:00,ZNTL
52.98,52.98,52.79,52.79,400,2022-02-09 16:35:00,ZNTL
52.78,52.79,52.78,52.79,200,2022-02-09 16:40:00,ZNTL
52.67,53.08,52.67,52.9377,1181,2022-02-09 16:45:00,ZNTL
52.92,53.07,52.7,53.07,8289,2022-02-09 16:50:00,ZNTL
53.05,53.4292,53.05,53.4292,1822,2022-02-09 16:55:00,ZNTL
53.655,53.655,53.655,53.655,100,2022-02-09 17:00:00,ZNTL
53.48,53.495,53.1157,53.1157,1300,2022-02-09 17:05:00,ZNTL
53.29,53.51,53.29,53.46,2499,2022-02-09 17:15:00,ZNTL
53.67,53.67,53.32,53.35,2700,2022-02-09 17:20:00,ZNTL
53.265,53.35,53.265,53.31,300,2022-02-09 17:30:00,ZNTL
53.43,53.74,53.43,53.74,500,2022-02-09 17:35:00,ZNTL
53.69,53.84,53.69,53.79,400,2022-02-09 17:40:00,ZNTL
54.05,54.19,53.73,53.975,3448,2022-02-09 17:45:00,ZNTL
54.09,54.1025,54.09,54.0975,800,2022-02-09 17:50:00,ZNTL
54.04,54.04,53.66,53.79,1100,2022-02-09 17:55:00,ZNTL
53.66,53.66,53.4,53.62,900,2022-02-09 18:00:00,ZNTL
53.66,53.93,53.56,53.66,2600,2022-02-09 18:05:00,ZNTL
53.65,53.66,53.32,53.32,2100,2022-02-09 18:10:00,ZNTL
53.36,53.71,53.24,53.71,1200,2022-02-09 18:15:00,ZNTL
53.66,53.75,53.63,53.63,700,2022-02-09 18:20:00,ZNTL
53.715,53.715,53.62,53.67,700,2022-02-09 18:25:00,ZNTL
53.68,53.78,53.62,53.62,1429,2022-02-09 18:30:00,ZNTL
53.45,53.555,53.37,53.465,800,2022-02-09 18:35:00,ZNTL
53.425,53.43,53.425,53.43,300,2022-02-09 18:40:00,ZNTL
53.32,53.56,53.27,53.51,3432,2022-02-09 18:45:00,ZNTL
53.58,53.765,53.58,53.765,745,2022-02-09 18:50:00,ZNTL
53.77,53.89,53.67,53.83,1600,2022-02-09 18:55:00,ZNTL
54.03,54.14,53.5,53.5,4095,2022-02-09 19:00:00,ZNTL
53.585,53.695,53.585,53.695,1900,2022-02-09 19:05:00,ZNTL
53.705,53.705,53.585,53.645,1000,2022-02-09 19:10:00,ZNTL
53.68,53.76,53.66,53.66,400,2022-02-09 19:15:00,ZNTL
53.76,53.78,53.57,53.66,1000,2022-02-09 19:20:00,ZNTL
53.69,53.69,53.58,53.6,3100,2022-02-09 19:25:00,ZNTL
53.69,53.69,53.34,53.66,2733,2022-02-09 19:30:00,ZNTL
53.76,54.03,53.76,54.005,1922,2022-02-09 19:35:00,ZNTL
54.215,54.315,54.215,54.315,900,2022-02-09 19:40:00,ZNTL
54.375,54.57,54.15,54.57,1300,2022-02-09 19:45:00,ZNTL
54.49,54.51,54.49,54.51,200,2022-02-09 19:50:00,ZNTL
54.54,54.54,54.0,54.0,2000,2022-02-09 19:55:00,ZNTL
53.95,54.34,53.95,54.34,1204,2022-02-09 20:00:00,ZNTL
54.54,54.54,54.29,54.37,2612,2022-02-09 20:05:00,ZNTL
54.41,54.73,54.41,54.44,2397,2022-02-09 20:10:00,ZNTL
54.42,54.48,54.16,54.296,1900,2022-02-09 20:15:00,ZNTL
54.375,54.4,54.03,54.16,3501,2022-02-09 20:20:00,ZNTL
54.195,54.195,54.08,54.11,2400,2022-02-09 20:25:00,ZNTL
54.19,54.27,54.03,54.03,4025,2022-02-09 20:30:00,ZNTL
54.125,54.125,53.91,53.98,3000,2022-02-09 20:35:00,ZNTL
53.93,53.97,53.78,53.815,4712,2022-02-09 20:40:00,ZNTL
53.85,53.91,53.58,53.845,8074,2022-02-09 20:45:00,ZNTL
53.83,54.15,53.8,54.01,17009,2022-02-09 20:50:00,ZNTL
53.98,54.13,53.82,53.96,25548,2022-02-09 20:55:00,ZNTL
54.06,54.06,54.06,54.06,105047,2022-02-09 21:00:00,ZNTL
54.06,54.06,54.06,54.06,41670,2022-02-09 21:50:00,ZNTL
51.82,52.25,51.1075,52.245,3980,2022-02-10 14:30:00,ZNTL
52.42,52.7775,52.42,52.7775,947,2022-02-10 14:35:00,ZNTL
53.08,53.08,53.08,53.08,100,2022-02-10 14:40:00,ZNTL
53.09,53.32,53.09,53.32,400,2022-02-10 14:45:00,ZNTL
53.5,53.54,53.34,53.51,2041,2022-02-10 14:50:00,ZNTL
53.59,53.845,53.59,53.845,300,2022-02-10 14:55:00,ZNTL
53.53,53.65,53.53,53.65,200,2022-02-10 15:00:00,ZNTL
53.69,54.02,53.68,53.98,1100,2022-02-10 15:05:00,ZNTL
54.03,54.08,53.82,53.82,700,2022-02-10 15:10:00,ZNTL
53.46,53.46,53.07,53.43,851,2022-02-10 15:15:00,ZNTL
53.39,53.45,53.24,53.45,1163,2022-02-10 15:20:00,ZNTL
53.44,54.125,53.44,53.92,2465,2022-02-10 15:25:00,ZNTL
54.045,54.33,54.045,54.135,700,2022-02-10 15:30:00,ZNTL
54.34,54.35,54.15,54.15,300,2022-02-10 15:35:00,ZNTL
54.6,54.6,54.46,54.55,1000,2022-02-10 15:45:00,ZNTL
54.42,54.4675,54.03,54.3,5746,2022-02-10 15:50:00,ZNTL
54.255,54.6,54.255,54.43,7625,2022-02-10 15:55:00,ZNTL
54.28,54.67,54.28,54.67,1900,2022-02-10 16:00:00,ZNTL
54.93,55.24,54.88,55.24,500,2022-02-10 16:05:00,ZNTL
55.02,55.33,54.52,54.73,1700,2022-02-10 16:10:00,ZNTL
54.52,54.65,54.39,54.39,1500,2022-02-10 16:15:00,ZNTL
54.715,55.02,54.65,55.02,4248,2022-02-10 16:20:00,ZNTL
54.89,55.01,54.685,54.685,1716,2022-02-10 16:25:00,ZNTL
54.5,54.9,54.24,54.275,3821,2022-02-10 16:30:00,ZNTL
54.18,54.18,54.01,54.03,1519,2022-02-10 16:35:00,ZNTL
54.1,54.34,54.03,54.34,1378,2022-02-10 16:40:00,ZNTL
54.34,54.7,54.34,54.7,600,2022-02-10 16:45:00,ZNTL
54.91,54.91,54.91,54.91,100,2022-02-10 16:50:00,ZNTL
54.735,54.96,54.51,54.825,831,2022-02-10 16:55:00,ZNTL
54.95,55.01,54.84,55.01,400,2022-02-10 17:00:00,ZNTL
54.8,54.86,54.69,54.8,3669,2022-02-10 17:05:00,ZNTL
54.8,55.0,54.79,54.88,6086,2022-02-10 17:10:00,ZNTL
54.85,55.1,54.72,55.08,6204,2022-02-10 17:15:00,ZNTL
55.245,55.42,55.245,55.42,200,2022-02-10 17:20:00,ZNTL
55.405,55.425,55.26,55.28,1300,2022-02-10 17:30:00,ZNTL
55.28,55.35,55.24,55.24,300,2022-02-10 17:35:00,ZNTL
55.3,55.41,55.26,55.31,1199,2022-02-10 17:40:00,ZNTL
55.18,55.18,54.24,54.28,1585,2022-02-10 17:45:00,ZNTL
54.27,54.27,53.96,54.2,1000,2022-02-10 17:50:00,ZNTL
54.27,54.36,54.18,54.195,1200,2022-02-10 17:55:00,ZNTL
54.2,54.52,54.135,54.32,3632,2022-02-10 18:00:00,ZNTL
54.22,54.375,53.985,54.03,2811,2022-02-10 18:05:00,ZNTL
53.89,54.17,53.765,54.0525,3200,2022-02-10 18:10:00,ZNTL
54.06,54.06,53.54,53.54,1299,2022-02-10 18:15:00,ZNTL
53.52,53.77,53.475,53.77,1500,2022-02-10 18:20:00,ZNTL
53.73,54.135,53.6,54.005,4180,2022-02-10 18:25:00,ZNTL
53.85,54.02,53.83,53.83,700,2022-02-10 18:30:00,ZNTL
53.68,53.68,52.96,52.96,2600,2022-02-10 18:35:00,ZNTL
53.25,53.43,53.1,53.41,6848,2022-02-10 18:40:00,ZNTL
53.235,53.83,53.235,53.27,4874,2022-02-10 18:45:00,ZNTL
53.14,53.36,53.14,53.2,1208,2022-02-10 18:50:00,ZNTL
53.2,53.43,53.13,53.32,800,2022-02-10 18:55:00,ZNTL
53.51,53.56,53.3,53.41,4303,2022-02-10 19:00:00,ZNTL
53.37,53.54,53.25,53.54,500,2022-02-10 19:05:00,ZNTL
53.51,53.51,53.33,53.33,700,2022-02-10 19:10:00,ZNTL
53.26,53.26,52.97,52.97,1000,2022-02-10 19:15:00,ZNTL
52.95,53.11,52.95,53.08,1100,2022-02-10 19:20:00,ZNTL
53.18,53.25,53.15,53.25,701,2022-02-10 19:25:00,ZNTL
53.39,53.53,53.2,53.45,3190,2022-02-10 19:30:00,ZNTL
53.415,53.97,53.415,53.97,900,2022-02-10 19:35:00,ZNTL
53.81,53.97,53.25,53.37,2600,2022-02-10 19:40:00,ZNTL
53.39,53.39,53.18,53.2,2242,2022-02-10 19:45:00,ZNTL
53.26,53.26,53.09,53.25,2800,2022-02-10 19:50:00,ZNTL
53.05,53.225,52.95,53.01,1800,2022-02-10 19:55:00,ZNTL
53.14,53.18,52.74,53.01,3090,2022-02-10 20:00:00,ZNTL
52.99,53.2,52.87,52.95,2000,2022-02-10 20:05:00,ZNTL
52.985,53.34,52.985,53.085,1848,2022-02-10 20:10:00,ZNTL
53.0,53.0,52.71,52.71,1400,2022-02-10 20:15:00,ZNTL
52.8,52.84,52.49,52.76,1800,2022-02-10 20:20:00,ZNTL
52.88,52.88,52.62,52.64,1500,2022-02-10 20:25:00,ZNTL
52.51,52.61,52.29,52.29,400,2022-02-10 20:30:00,ZNTL
52.15,52.15,51.91,52.14,2100,2022-02-10 20:35:00,ZNTL
52.18,52.33,52.06,52.1,2100,2022-02-10 20:40:00,ZNTL
51.9,51.93,51.585,51.765,3980,2022-02-10 20:45:00,ZNTL
51.79,52.19,51.605,52.145,7071,2022-02-10 20:50:00,ZNTL
52.38,52.76,52.38,52.61,19773,2022-02-10 20:55:00,ZNTL
52.61,52.61,52.61,52.61,51786,2022-02-10 21:00:00,ZNTL
52.61,52.61,52.61,52.61,1233,2022-02-10 21:50:00,ZNTL
53.13,53.15,52.41,53.15,937,2022-02-11 14:30:00,ZNTL
52.88,52.88,52.88,52.88,100,2022-02-11 14:40:00,ZNTL
53.17,53.17,52.73,52.97,1500,2022-02-11 14:50:00,ZNTL
52.88,52.98,52.475,52.475,600,2022-02-11 14:55:00,ZNTL
52.08,52.2,52.08,52.2,200,2022-02-11 15:00:00,ZNTL
51.93,52.79,51.93,52.445,700,2022-02-11 15:05:00,ZNTL
52.2,52.25,51.79,51.82,900,2022-02-11 15:10:00,ZNTL
52.13,52.15,51.84,52.07,500,2022-02-11 15:15:00,ZNTL
52.37,53.07,52.29,52.54,1000,2022-02-11 15:20:00,ZNTL
52.88,53.2,52.88,53.12,500,2022-02-11 15:25:00,ZNTL
52.99,52.99,52.81,52.97,500,2022-02-11 15:30:00,ZNTL
53.13,53.515,53.13,53.515,400,2022-02-11 15:35:00,ZNTL
53.53,53.59,53.47,53.525,400,2022-02-11 15:45:00,ZNTL
53.47,53.47,53.445,53.45,400,2022-02-11 15:50:00,ZNTL
53.42,53.53,53.33,53.495,1600,2022-02-11 15:55:00,ZNTL
53.47,53.53,53.455,53.485,600,2022-02-11 16:00:00,ZNTL
53.485,53.485,52.96,52.96,2500,2022-02-11 16:05:00,ZNTL
52.735,52.735,52.715,52.715,282,2022-02-11 16:10:00,ZNTL
52.47,52.66,52.46,52.63,900,2022-02-11 16:15:00,ZNTL
52.77,52.78,52.62,52.69,1302,2022-02-11 16:20:00,ZNTL
52.67,52.965,52.67,52.89,996,2022-02-11 16:25:00,ZNTL
52.7,52.7,52.47,52.505,3009,2022-02-11 16:30:00,ZNTL
52.37,52.37,52.26,52.29,800,2022-02-11 16:35:00,ZNTL
52.265,52.265,52.1,52.15,1100,2022-02-11 16:40:00,ZNTL
51.99,52.11,51.99,52.11,400,2022-02-11 16:45:00,ZNTL
51.88,52.03,51.88,52.03,300,2022-02-11 16:50:00,ZNTL
51.95,51.95,51.88,51.88,400,2022-02-11 16:55:00,ZNTL
52.0,52.03,51.89,51.915,1250,2022-02-11 17:00:00,ZNTL
51.91,52.22,51.855,52.22,4076,2022-02-11 17:05:00,ZNTL
52.285,52.46,52.13,52.375,4200,2022-02-11 17:10:00,ZNTL
52.41,52.5,52.22,52.22,4200,2022-02-11 17:15:00,ZNTL
52.275,52.275,52.14,52.26,1400,2022-02-11 17:20:00,ZNTL
52.28,52.54,52.28,52.54,403,2022-02-11 17:25:00,ZNTL
52.64,52.64,52.45,52.47,2400,2022-02-11 17:30:00,ZNTL
52.465,52.5,52.375,52.375,900,2022-02-11 17:35:00,ZNTL
52.43,52.54,52.32,52.32,1000,2022-02-11 17:40:00,ZNTL
52.41,52.41,52.315,52.315,200,2022-02-11 17:45:00,ZNTL
52.27,52.27,52.07,52.07,324,2022-02-11 17:50:00,ZNTL
51.935,51.935,51.74,51.74,200,2022-02-11 17:55:00,ZNTL
51.81,51.97,51.81,51.97,700,2022-02-11 18:00:00,ZNTL
51.835,52.045,51.835,52.045,700,2022-02-11 18:05:00,ZNTL
52.13,52.13,51.97,51.97,200,2022-02-11 18:10:00,ZNTL
51.88,52.22,51.86,52.22,3645,2022-02-11 18:15:00,ZNTL
52.39,52.43,52.3,52.37,800,2022-02-11 18:20:00,ZNTL
52.375,52.375,52.1,52.17,800,2022-02-11 18:25:00,ZNTL
51.79,51.79,51.79,51.79,100,2022-02-11 18:30:00,ZNTL
51.61,51.62,51.11,51.11,1000,2022-02-11 18:35:00,ZNTL
51.24,51.42,51.11,51.11,1000,2022-02-11 18:40:00,ZNTL
50.99,51.19,50.82,51.19,1000,2022-02-11 18:45:00,ZNTL
51.11,51.48,51.11,51.48,500,2022-02-11 18:50:00,ZNTL
51.415,51.58,51.415,51.58,200,2022-02-11 18:55:00,ZNTL
51.41,51.67,51.16,51.29,1800,2022-02-11 19:00:00,ZNTL
51.37,51.58,51.37,51.58,600,2022-02-11 19:05:00,ZNTL
51.405,51.405,51.29,51.29,200,2022-02-11 19:10:00,ZNTL
51.475,51.9,51.475,51.9,200,2022-02-11 19:15:00,ZNTL
51.77,51.77,51.57,51.59,1106,2022-02-11 19:20:00,ZNTL
51.48,51.48,51.29,51.29,300,2022-02-11 19:25:00,ZNTL
51.45,51.48,51.27,51.43,1000,2022-02-11 19:30:00,ZNTL
51.505,51.505,51.09,51.415,1300,2022-02-11 19:35:00,ZNTL
51.23,51.23,50.95,50.95,700,2022-02-11 19:40:00,ZNTL
50.78,50.87,50.78,50.79,400,2022-02-11 19:45:00,ZNTL
50.66,50.78,50.41,50.72,3697,2022-02-11 19:50:00,ZNTL
50.75,50.84,50.41,50.73,2101,2022-02-11 19:55:00,ZNTL
50.655,51.58,50.655,51.58,900,2022-02-11 20:00:00,ZNTL
51.24,51.395,51.24,51.395,200,2022-02-11 20:05:00,ZNTL
51.34,51.36,51.16,51.25,1400,2022-02-11 20:10:00,ZNTL
51.11,51.11,51.065,51.065,200,2022-02-11 20:15:00,ZNTL
51.03,51.03,50.93,50.95,2306,2022-02-11 20:20:00,ZNTL
50.9,51.02,50.78,50.78,1300,2022-02-11 20:25:00,ZNTL
50.695,50.87,50.595,50.87,1084,2022-02-11 20:30:00,ZNTL
50.84,50.95,50.72,50.94,2156,2022-02-11 20:35:00,ZNTL
50.81,51.48,50.74,51.34,8160,2022-02-11 20:40:00,ZNTL
51.26,51.35,50.97,51.31,5012,2022-02-11 20:45:00,ZNTL
51.24,51.285,50.92,50.92,14302,2022-02-11 20:50:00,ZNTL
50.97,51.27,50.91,51.26,16829,2022-02-11 20:55:00,ZNTL
51.14,51.14,51.14,51.14,23343,2022-02-11 21:00:00,ZNTL
51.14,51.14,51.14,51.14,4476,2022-02-11 22:05:00,ZNTL
51.45,51.45,50.93,50.93,995,2022-02-14 14:30:00,ZNTL
51.245,51.275,51.245,51.275,202,2022-02-14 14:35:00,ZNTL
51.0742,51.0742,51.0742,51.0742,190,2022-02-14 14:40:00,ZNTL
51.15,51.535,51.15,51.535,200,2022-02-14 14:45:00,ZNTL
51.535,51.8,51.535,51.8,300,2022-02-14 14:50:00,ZNTL
51.73,51.745,50.42,50.585,7238,2022-02-14 14:55:00,ZNTL
50.58,50.66,49.995,50.04,4100,2022-02-14 15:00:00,ZNTL
50.19,50.39,50.13,50.335,1800,2022-02-14 15:05:00,ZNTL
50.34,50.67,50.34,50.43,900,2022-02-14 15:10:00,ZNTL
50.3,50.49,50.03,50.03,1600,2022-02-14 15:15:00,ZNTL
50.1,50.5,49.985,50.5,3000,2022-02-14 15:20:00,ZNTL
50.27,50.27,50.06,50.06,300,2022-02-14 15:25:00,ZNTL
49.95,50.13,49.81,49.81,6891,2022-02-14 15:30:00,ZNTL
49.77,49.77,49.46,49.575,907,2022-02-14 15:35:00,ZNTL
49.645,50.32,49.645,50.095,2000,2022-02-14 15:40:00,ZNTL
50.33,50.52,50.19,50.515,1200,2022-02-14 15:45:00,ZNTL
50.59,50.63,50.11,50.11,1600,2022-02-14 15:50:00,ZNTL
50.27,50.38,50.15,50.17,600,2022-02-14 15:55:00,ZNTL
50.05,50.33,49.97,50.33,3700,2022-02-14 16:00:00,ZNTL
50.275,50.37,50.125,50.37,800,2022-02-14 16:05:00,ZNTL
50.36,50.57,50.36,50.57,500,2022-02-14 16:10:00,ZNTL
50.815,50.815,50.815,50.815,1000,2022-02-14 16:15:00,ZNTL
50.815,50.815,50.45,50.45,2817,2022-02-14 16:20:00,ZNTL
50.6,50.78,50.575,50.62,2300,2022-02-14 16:25:00,ZNTL
50.62,50.78,50.465,50.53,3500,2022-02-14 16:30:00,ZNTL
50.535,50.555,50.145,50.21,1900,2022-02-14 16:35:00,ZNTL
50.22,50.245,50.095,50.1,1200,2022-02-14 16:40:00,ZNTL
50.065,50.22,50.06,50.22,1000,2022-02-14 16:45:00,ZNTL
50.265,50.265,50.18,50.215,1200,2022-02-14 16:50:00,ZNTL
50.19,50.19,50.19,50.19,100,2022-02-14 16:55:00,ZNTL
50.12,50.5,50.11,50.39,2300,2022-02-14 17:00:00,ZNTL
50.39,50.395,50.385,50.385,400,2022-02-14 17:05:00,ZNTL
50.32,50.32,50.18,50.2,428,2022-02-14 17:10:00,ZNTL
50.265,50.265,49.98,49.98,500,2022-02-14 17:15:00,ZNTL
49.97,50.26,49.97,50.26,2000,2022-02-14 17:20:00,ZNTL
50.33,50.33,50.165,50.25,1100,2022-02-14 17:25:00,ZNTL
50.46,50.475,50.46,50.475,200,2022-02-14 17:30:00,ZNTL
50.275,50.285,50.275,50.285,400,2022-02-14 17:35:00,ZNTL
50.24,50.315,50.19,50.22,400,2022-02-14 17:40:00,ZNTL
50.42,50.42,50.35,50.35,200,2022-02-14 17:45:00,ZNTL
50.19,50.19,49.99,49.99,300,2022-02-14 17:55:00,ZNTL
49.95,49.96,49.95,49.96,200,2022-02-14 18:00:00,ZNTL
50.035,50.215,50.035,50.17,1467,2022-02-14 18:05:00,ZNTL
50.145,50.145,50.145,50.145,100,2022-02-14 18:10:00,ZNTL
50.12,50.12,50.12,50.12,100,2022-02-14 18:15:00,ZNTL
50.02,50.05,49.9,50.045,1613,2022-02-14 18:20:00,ZNTL
50.05,50.05,50.0,50.05,488,2022-02-14 18:25:00,ZNTL
50.015,50.16,50.015,50.08,500,2022-02-14 18:30:00,ZNTL
50.18,50.32,50.18,50.32,600,2022-02-14 18:35:00,ZNTL
50.47,50.47,50.47,50.47,100,2022-02-14 18:40:00,ZNTL
50.35,50.65,50.35,50.42,2760,2022-02-14 18:45:00,ZNTL
50.315,50.315,50.055,50.055,320,2022-02-14 18:50:00,ZNTL
50.18,50.22,50.0,50.0,900,2022-02-14 18:55:00,ZNTL
50.0,50.18,50.0,50.18,800,2022-02-14 19:00:00,ZNTL
50.1,50.1,50.01,50.01,200,2022-02-14 19:05:00,ZNTL
50.0,50.025,49.98,50.025,783,2022-02-14 19:10:00,ZNTL
49.93,50.13,49.93,50.08,1609,2022-02-14 19:15:00,ZNTL
50.095,50.51,50.095,50.51,1300,2022-02-14 19:20:00,ZNTL
50.2,50.67,50.13,50.52,1700,2022-02-14 19:25:00,ZNTL
50.53,50.61,50.33,50.47,1700,2022-02-14 19:30:00,ZNTL
50.515,50.66,50.515,50.59,600,2022-02-14 19:35:00,ZNTL
50.66,50.73,50.46,50.47,1619,2022-02-14 19:40:00,ZNTL
50.53,50.59,50.34,50.34,600,2022-02-14 19:45:00,ZNTL
50.47,50.66,50.45,50.585,3279,2022-02-14 19:50:00,ZNTL
50.59,50.59,50.45,50.45,612,2022-02-14 19:55:00,ZNTL
50.5,50.54,50.425,50.495,1202,2022-02-14 20:00:00,ZNTL
50.41,50.44,50.22,50.44,2800,2022-02-14 20:05:00,ZNTL
50.29,50.4025,50.18,50.4025,4775,2022-02-14 20:10:00,ZNTL
50.23,50.32,50.01,50.19,12537,2022-02-14 20:15:00,ZNTL
50.115,50.2,50.0,50.15,2726,2022-02-14 20:20:00,ZNTL
50.14,50.2175,50.14,50.19,1717,2022-02-14 20:25:00,ZNTL
50.255,50.38,50.24,50.32,5100,2022-02-14 20:30:00,ZNTL
50.3,50.38,50.275,50.275,2400,2022-02-14 20:35:00,ZNTL
50.21,50.29,50.04,50.24,3252,2022-02-14 20:40:00,ZNTL
50.24,50.24,50.03,50.09,2564,2022-02-14 20:45:00,ZNTL
50.01,50.1,49.91,50.06,18816,2022-02-14 20:50:00,ZNTL
50.03,50.27,50.0,50.13,19781,2022-02-14 20:55:00,ZNTL
50.06,50.06,50.06,50.06,25552,2022-02-14 21:00:00,ZNTL
50.06,50.06,50.06,50.06,1164,2022-02-14 21:35:00,ZNTL
51.69,52.45,51.69,52.45,4752,2022-02-15 14:30:00,ZNTL
52.01,52.01,52.01,52.01,100,2022-02-15 14:35:00,ZNTL
51.78,52.3,51.36,51.735,400,2022-02-15 14:40:00,ZNTL
51.885,51.97,51.21,51.21,606,2022-02-15 14:45:00,ZNTL
51.25,51.25,51.09,51.09,884,2022-02-15 14:50:00,ZNTL
51.0,51.81,50.74,51.07,1800,2022-02-15 14:55:00,ZNTL
51.53,51.53,51.12,51.5,700,2022-02-15 15:00:00,ZNTL
51.19,51.19,51.19,51.19,500,2022-02-15 15:10:00,ZNTL
51.065,51.14,50.675,51.14,400,2022-02-15 15:15:00,ZNTL
50.58,50.77,50.58,50.77,500,2022-02-15 15:20:00,ZNTL
50.95,50.95,50.77,50.77,357,2022-02-15 15:25:00,ZNTL
51.25,51.25,51.25,51.25,100,2022-02-15 15:30:00,ZNTL
51.275,51.41,51.275,51.37,700,2022-02-15 15:35:00,ZNTL
51.5,51.63,51.315,51.63,1304,2022-02-15 15:40:00,ZNTL
51.68,51.68,51.68,51.68,200,2022-02-15 15:45:00,ZNTL
51.965,51.965,51.65,51.8,810,2022-02-15 15:50:00,ZNTL
51.63,51.63,51.39,51.41,603,2022-02-15 15:55:00,ZNTL
51.425,51.425,51.27,51.28,2900,2022-02-15 16:00:00,ZNTL
51.12,51.56,50.98,51.56,2800,2022-02-15 16:05:00,ZNTL
51.44,51.44,51.38,51.38,400,2022-02-15 16:10:00,ZNTL
51.27,51.55,51.27,51.5,800,2022-02-15 16:15:00,ZNTL
51.48,51.58,51.4,51.58,300,2022-02-15 16:20:00,ZNTL
51.53,51.53,51.42,51.42,200,2022-02-15 16:25:00,ZNTL
51.5,51.58,51.47,51.58,52200,2022-02-15 16:30:00,ZNTL
52.0,52.0,51.67,51.67,1700,2022-02-15 16:35:00,ZNTL
51.67,52.215,51.67,51.9,9862,2022-02-15 16:45:00,ZNTL
52.13,52.13,52.1,52.1,200,2022-02-15 16:50:00,ZNTL
51.99,52.055,51.72,51.89,2607,2022-02-15 16:55:00,ZNTL
51.965,51.965,51.9,51.9,300,2022-02-15 17:00:00,ZNTL
51.99,51.99,51.9,51.9,200,2022-02-15 17:05:00,ZNTL
52.02,52.04,51.95,51.95,1030,2022-02-15 17:10:00,ZNTL
51.87,51.87,51.65,51.65,900,2022-02-15 17:15:00,ZNTL
51.745,51.85,51.7,51.85,800,2022-02-15 17:20:00,ZNTL
51.79,51.85,51.47,51.85,653,2022-02-15 17:25:00,ZNTL
52.02,52.13,52.02,52.13,400,2022-02-15 17:30:00,ZNTL
52.03,52.03,51.93,52.01,519,2022-02-15 17:35:00,ZNTL
51.8,51.815,51.38,51.38,600,2022-02-15 17:40:00,ZNTL
51.53,51.53,51.44,51.5,300,2022-02-15 17:45:00,ZNTL
51.56,51.56,51.56,51.56,200,2022-02-15 17:50:00,ZNTL
51.61,51.61,51.5,51.5,700,2022-02-15 17:55:00,ZNTL
51.56,51.75,51.56,51.59,2600,2022-02-15 18:00:00,ZNTL
51.56,51.61,51.415,51.5,1800,2022-02-15 18:05:00,ZNTL
51.42,51.54,51.28,51.47,3078,2022-02-15 18:10:00,ZNTL
51.4,51.419,51.33,51.33,960,2022-02-15 18:15:00,ZNTL
51.37,51.67,51.37,51.67,700,2022-02-15 18:20:00,ZNTL
51.55,51.655,51.4,51.655,500,2022-02-15 18:25:00,ZNTL
51.75,52.06,51.74,52.06,900,2022-02-15 18:30:00,ZNTL
52.105,52.105,51.99,51.99,292,2022-02-15 18:35:00,ZNTL
52.12,52.12,52.055,52.065,300,2022-02-15 18:40:00,ZNTL
52.065,52.135,52.065,52.135,400,2022-02-15 18:45:00,ZNTL
52.13,52.28,52.06,52.28,1400,2022-02-15 18:50:00,ZNTL
52.3,52.3,52.29,52.3,600,2022-02-15 18:55:00,ZNTL
52.3,52.35,52.3,52.35,310,2022-02-15 19:00:00,ZNTL
52.14,52.27,52.14,52.2,387,2022-02-15 19:05:00,ZNTL
52.275,52.455,52.2,52.455,1201,2022-02-15 19:10:00,ZNTL
52.645,52.92,52.645,52.92,200,2022-02-15 19:15:00,ZNTL
52.74,52.89,52.57,52.57,601,2022-02-15 19:20:00,ZNTL
52.515,52.56,52.44,52.52,1652,2022-02-15 19:25:00,ZNTL
52.645,52.645,52.58,52.61,400,2022-02-15 19:30:00,ZNTL
52.58,52.58,52.47,52.47,500,2022-02-15 19:35:00,ZNTL
52.475,52.81,52.475,52.765,1965,2022-02-15 19:40:00,ZNTL
52.755,52.82,52.755,52.755,500,2022-02-15 19:45:00,ZNTL
52.79,52.79,52.54,52.695,2822,2022-02-15 19:50:00,ZNTL
52.735,52.735,52.54,52.54,200,2022-02-15 19:55:00,ZNTL
52.6,52.73,52.595,52.595,720,2022-02-15 20:00:00,ZNTL
52.615,52.615,52.475,52.475,500,2022-02-15 20:05:00,ZNTL
52.575,52.59,52.43,52.48,1700,2022-02-15 20:10:00,ZNTL
52.435,52.435,52.43,52.43,200,2022-02-15 20:15:00,ZNTL
52.42,52.55,52.405,52.55,1800,2022-02-15 20:20:00,ZNTL
52.54,52.54,52.17,52.295,2284,2022-02-15 20:25:00,ZNTL
52.295,52.5,52.275,52.275,1537,2022-02-15 20:30:00,ZNTL
52.32,52.5,52.32,52.475,2200,2022-02-15 20:35:00,ZNTL
52.405,52.655,52.23,52.615,6200,2022-02-15 20:40:00,ZNTL
52.62,52.92,52.39,52.63,9992,2022-02-15 20:45:00,ZNTL
52.73,53.23,52.73,52.92,9007,2022-02-15 20:50:00,ZNTL
52.9,52.91,52.53,52.59,23373,2022-02-15 20:55:00,ZNTL
52.68,52.68,52.68,52.68,43580,2022-02-15 21:00:00,ZNTL
52.68,53.65,52.11,53.65,1339,2022-02-16 14:30:00,ZNTL
52.09,52.25,52.09,52.25,700,2022-02-16 14:35:00,ZNTL
52.47,52.47,50.59,50.59,2450,2022-02-16 14:40:00,ZNTL
50.9,51.48,50.84,51.46,1800,2022-02-16 14:45:00,ZNTL
51.01,51.64,51.01,51.17,3900,2022-02-16 14:55:00,ZNTL
51.72,51.72,51.72,51.72,100,2022-02-16 15:00:00,ZNTL
51.52,52.03,51.41,51.425,3500,2022-02-16 15:05:00,ZNTL
51.13,51.32,51.12,51.32,300,2022-02-16 15:10:00,ZNTL
50.66,50.68,50.615,50.62,806,2022-02-16 15:20:00,ZNTL
50.72,50.74,50.72,50.74,200,2022-02-16 15:25:00,ZNTL
50.86,50.86,50.53,50.62,3193,2022-02-16 15:30:00,ZNTL
50.9,51.06,50.9,51.0,1300,2022-02-16 15:35:00,ZNTL
50.77,51.01,50.76,51.01,500,2022-02-16 15:45:00,ZNTL
50.75,50.91,50.74,50.81,1100,2022-02-16 15:50:00,ZNTL
50.77,50.85,50.56,50.74,2148,2022-02-16 15:55:00,ZNTL
50.8,51.05,50.78,51.05,1700,2022-02-16 16:00:00,ZNTL
50.78,50.98,50.47,50.67,2000,2022-02-16 16:05:00,ZNTL
50.765,50.91,50.755,50.84,700,2022-02-16 16:10:00,ZNTL
50.84,50.93,50.55,50.74,1100,2022-02-16 16:15:00,ZNTL
50.52,50.52,50.25,50.335,500,2022-02-16 16:20:00,ZNTL
50.49,50.89,50.49,50.89,1635,2022-02-16 16:25:00,ZNTL
50.6,50.93,50.6,50.79,4200,2022-02-16 16:30:00,ZNTL
50.75,50.82,50.6,50.6,3813,2022-02-16 16:35:00,ZNTL
50.57,50.81,50.57,50.81,600,2022-02-16 16:40:00,ZNTL
50.67,50.74,50.63,50.69,500,2022-02-16 16:45:00,ZNTL
50.58,50.59,50.52,50.53,600,2022-02-16 16:50:00,ZNTL
50.45,50.79,50.45,50.7,1450,2022-02-16 16:55:00,ZNTL
50.52,50.7,50.475,50.475,1000,2022-02-16 17:00:00,ZNTL
50.4,50.53,50.4,50.52,300,2022-02-16 17:05:00,ZNTL
50.5,50.5,50.36,50.5,1200,2022-02-16 17:10:00,ZNTL
50.37,50.47,50.37,50.47,200,2022-02-16 17:15:00,ZNTL
50.23,50.3,50.12,50.25,4126,2022-02-16 17:25:00,ZNTL
50.06,50.1,50.0,50.07,1729,2022-02-16 17:30:00,ZNTL
50.16,50.26,50.16,50.22,1105,2022-02-16 17:35:00,ZNTL
50.32,50.45,50.24,50.24,1100,2022-02-16 17:40:00,ZNTL
50.13,50.13,50.13,50.13,100,2022-02-16 17:55:00,ZNTL
50.11,50.135,50.1,50.135,600,2022-02-16 18:00:00,ZNTL
50.06,50.06,50.06,50.06,100,2022-02-16 18:10:00,ZNTL
50.37,50.43,50.37,50.43,494,2022-02-16 18:20:00,ZNTL
50.24,50.24,50.24,50.24,100,2022-02-16 18:25:00,ZNTL
50.32,50.32,50.32,50.32,100,2022-02-16 18:35:00,ZNTL
50.25,50.28,50.25,50.27,300,2022-02-16 18:40:00,ZNTL
50.31,50.31,50.31,50.31,100,2022-02-16 18:45:00,ZNTL
50.265,50.265,50.265,50.265,100,2022-02-16 18:50:00,ZNTL
50.16,50.42,50.16,50.42,1000,2022-02-16 18:55:00,ZNTL
50.54,51.11,50.54,50.6,1587,2022-02-16 19:00:00,ZNTL
50.89,51.02,50.825,51.02,524,2022-02-16 19:05:00,ZNTL
50.95,51.26,50.95,51.16,800,2022-02-16 19:15:00,ZNTL
51.56,51.57,51.54,51.57,400,2022-02-16 19:25:00,ZNTL
52.03,52.14,51.78,51.78,404,2022-02-16 19:30:00,ZNTL
51.64,51.64,51.49,51.49,200,2022-02-16 19:35:00,ZNTL
51.555,51.76,51.555,51.76,200,2022-02-16 19:40:00,ZNTL
51.39,51.39,51.39,51.39,100,2022-02-16 19:45:00,ZNTL
51.6,51.6,51.6,51.6,100,2022-02-16 19:50:00,ZNTL
51.54,51.54,51.54,51.54,462,2022-02-16 19:55:00,ZNTL
51.68,52.39,51.68,52.24,2000,2022-02-16 20:00:00,ZNTL
52.355,52.355,52.16,52.32,1400,2022-02-16 20:05:00,ZNTL
52.33,52.33,51.86,51.87,1376,2022-02-16 20:10:00,ZNTL
51.8925,51.8925,51.61,51.83,1000,2022-02-16 20:15:00,ZNTL
51.61,51.815,51.6,51.81,1263,2022-02-16 20:20:00,ZNTL
51.81,52.15,51.78,51.99,2450,2022-02-16 20:25:00,ZNTL
52.08,52.15,51.69,51.69,2891,2022-02-16 20:30:00,ZNTL
51.795,51.885,51.68,51.72,2300,2022-02-16 20:35:00,ZNTL
51.825,52.045,51.501,51.51,3344,2022-02-16 20:40:00,ZNTL
51.64,51.815,51.55,51.815,2043,2022-02-16 20:45:00,ZNTL
51.96,51.96,51.73,51.835,3089,2022-02-16 20:50:00,ZNTL
51.64,51.65,51.39,51.49,6858,2022-02-16 20:55:00,ZNTL
51.57,51.57,51.57,51.57,23224,2022-02-16 21:00:00,ZNTL
51.57,51.57,51.57,51.57,1208,2022-02-16 21:45:00,ZNTL
50.63,50.63,50.63,50.63,689,2022-02-17 14:30:00,ZNTL
50.29,50.29,50.29,50.29,100,2022-02-17 14:35:00,ZNTL
50.48,50.48,50.48,50.48,100,2022-02-17 14:40:00,ZNTL
50.19,50.27,49.97,49.97,700,2022-02-17 14:45:00,ZNTL
50.24,50.24,50.24,50.24,100,2022-02-17 14:50:00,ZNTL
50.21,50.21,49.95,50.0,1100,2022-02-17 14:55:00,ZNTL
50.465,50.48,50.4,50.4,300,2022-02-17 15:00:00,ZNTL
50.25,50.38,50.25,50.38,200,2022-02-17 15:05:00,ZNTL
50.2,50.52,50.16,50.515,1668,2022-02-17 15:10:00,ZNTL
50.66,50.77,50.65,50.65,1402,2022-02-17 15:15:00,ZNTL
50.57,50.6,50.43,50.47,1900,2022-02-17 15:20:00,ZNTL
50.38,50.38,49.94,49.94,4004,2022-02-17 15:25:00,ZNTL
50.25,50.7,50.25,50.7,1682,2022-02-17 15:30:00,ZNTL
50.48,50.7,50.45,50.45,3599,2022-02-17 15:35:00,ZNTL
50.69,50.69,50.5,50.575,1210,2022-02-17 15:40:00,ZNTL
50.51,50.51,50.37,50.37,940,2022-02-17 15:45:00,ZNTL
50.085,50.18,50.01,50.18,400,2022-02-17 15:50:00,ZNTL
50.26,50.37,50.26,50.3,1000,2022-02-17 15:55:00,ZNTL
50.19,50.26,50.1,50.1,1421,2022-02-17 16:00:00,ZNTL
49.98,50.08,49.98,50.0,810,2022-02-17 16:05:00,ZNTL
50.14,50.14,50.0,50.0,200,2022-02-17 16:10:00,ZNTL
50.07,50.07,50.01,50.01,200,2022-02-17 16:15:00,ZNTL
50.0,50.0,50.0,50.0,500,2022-02-17 16:20:00,ZNTL
50.07,50.22,50.07,50.22,400,2022-02-17 16:25:00,ZNTL
50.35,50.5,50.31,50.46,1385,2022-02-17 16:30:00,ZNTL
50.32,50.32,50.32,50.32,100,2022-02-17 16:35:00,ZNTL
50.35,50.35,49.995,50.11,7544,2022-02-17 16:40:00,ZNTL
50.01,50.09,49.99,50.08,2600,2022-02-17 16:45:00,ZNTL
50.13,50.13,50.0,50.01,500,2022-02-17 16:50:00,ZNTL
50.13,50.13,50.0,50.0,807,2022-02-17 16:55:00,ZNTL
50.0,50.06,49.97,50.0427,750,2022-02-17 17:00:00,ZNTL
50.18,50.25,50.18,50.25,200,2022-02-17 17:05:00,ZNTL
50.0,50.06,49.9775,50.01,1765,2022-02-17 17:10:00,ZNTL
50.0,50.17,49.85,50.17,700,2022-02-17 17:15:00,ZNTL
50.03,50.06,50.03,50.06,300,2022-02-17 17:30:00,ZNTL
50.01,50.01,50.01,50.01,100,2022-02-17 17:35:00,ZNTL
50.12,50.4,50.12,50.36,6565,2022-02-17 17:40:00,ZNTL
50.23,50.3,50.06,50.3,2800,2022-02-17 17:45:00,ZNTL
50.01,50.02,50.0,50.02,400,2022-02-17 18:00:00,ZNTL
50.1,50.22,50.1,50.22,500,2022-02-17 18:05:00,ZNTL
50.05,50.115,50.0,50.115,700,2022-02-17 18:10:00,ZNTL
50.0,50.02,50.0,50.0,600,2022-02-17 18:20:00,ZNTL
50.0,50.08,50.0,50.08,600,2022-02-17 18:25:00,ZNTL
50.1,50.1,50.1,50.1,100,2022-02-17 18:30:00,ZNTL
50.2,50.2,50.05,50.05,2628,2022-02-17 18:35:00,ZNTL
50.0,50.05,50.0,50.05,300,2022-02-17 18:40:00,ZNTL
50.04,50.1,50.01,50.01,1713,2022-02-17 18:45:00,ZNTL
50.025,50.09,50.025,50.06,400,2022-02-17 18:50:00,ZNTL
50.12,50.12,50.12,50.12,200,2022-02-17 18:55:00,ZNTL
50.03,50.12,50.0,50.05,1107,2022-02-17 19:00:00,ZNTL
50.01,50.14,50.0,50.05,1300,2022-02-17 19:05:00,ZNTL
50.06,50.06,49.995,50.04,2300,2022-02-17 19:10:00,ZNTL
50.01,50.105,50.01,50.105,800,2022-02-17 19:15:00,ZNTL
50.0,50.09,50.0,50.045,1194,2022-02-17 19:20:00,ZNTL
50.0,50.1,50.0,50.075,920,2022-02-17 19:25:00,ZNTL
50.14,50.27,50.0,50.1,4120,2022-02-17 19:30:00,ZNTL
50.03,50.13,49.99,50.07,8435,2022-02-17 19:35:00,ZNTL
50.07,50.1,49.975,49.9925,8533,2022-02-17 19:40:00,ZNTL
50.0,50.1,49.97,50.08,6400,2022-02-17 19:45:00,ZNTL
50.03,50.055,50.01,50.055,1228,2022-02-17 19:50:00,ZNTL
50.06,50.1,50.0,50.1,7279,2022-02-17 19:55:00,ZNTL
50.1,50.32,50.1,50.11,1668,2022-02-17 20:00:00,ZNTL
50.125,50.245,50.04,50.22,800,2022-02-17 20:05:00,ZNTL
50.17,50.42,50.02,50.02,2535,2022-02-17 20:10:00,ZNTL
50.02,50.17,50.01,50.17,5995,2022-02-17 20:15:00,ZNTL
50.225,50.225,50.045,50.16,3100,2022-02-17 20:20:00,ZNTL
50.165,50.325,50.07,50.07,3425,2022-02-17 20:25:00,ZNTL
50.05,50.2,50.03,50.06,4930,2022-02-17 20:30:00,ZNTL
50.11,50.28,50.08,50.235,6303,2022-02-17 20:35:00,ZNTL
50.21,50.21,50.04,50.11,9206,2022-02-17 20:40:00,ZNTL
50.07,50.17,49.98,50.0725,12864,2022-02-17 20:45:00,ZNTL
50.03,50.03,49.44,49.54,13359,2022-02-17 20:50:00,ZNTL
49.505,49.785,49.44,49.65,19369,2022-02-17 20:55:00,ZNTL
49.57,49.57,49.57,49.57,58321,2022-02-17 21:00:00,ZNTL
49.57,49.57,49.57,49.57,2370,2022-02-17 21:45:00,ZNTL
49.1,49.1,49.1,49.1,100,2022-02-18 14:25:00,ZNTL
49.62,50.0,48.85,49.4,8381,2022-02-18 14:30:00,ZNTL
48.98,48.98,48.07,48.07,1964,2022-02-18 14:35:00,ZNTL
48.13,48.13,47.38,47.49,2900,2022-02-18 14:40:00,ZNTL
47.34,47.6,47.32,47.51,11505,2022-02-18 14:45:00,ZNTL
47.595,47.77,47.47,47.745,7114,2022-02-18 14:50:00,ZNTL
47.75,47.75,47.095,47.12,1400,2022-02-18 14:55:00,ZNTL
47.13,47.13,46.875,46.875,45400,2022-02-18 15:00:00,ZNTL
46.85,46.915,46.47,46.56,19400,2022-02-18 15:05:00,ZNTL
46.55,47.015,46.47,46.995,15286,2022-02-18 15:10:00,ZNTL
46.995,47.18,46.94,47.07,3087,2022-02-18 15:15:00,ZNTL
47.2,47.2,46.92,47.11,3075,2022-02-18 15:20:00,ZNTL
47.035,47.31,46.865,47.31,6313,2022-02-18 15:25:00,ZNTL
47.32,47.55,47.32,47.55,2200,2022-02-18 15:30:00,ZNTL
47.73,47.73,47.29,47.29,500,2022-02-18 15:35:00,ZNTL
47.35,47.56,47.29,47.37,1600,2022-02-18 15:40:00,ZNTL
47.35,47.71,47.35,47.55,3300,2022-02-18 15:45:00,ZNTL
47.51,47.64,47.49,47.64,1800,2022-02-18 15:50:00,ZNTL
47.635,47.89,47.6,47.89,2567,2022-02-18 15:55:00,ZNTL
47.79,47.85,47.56,47.56,3046,2022-02-18 16:00:00,ZNTL
47.21,47.42,46.99,47.265,4436,2022-02-18 16:05:00,ZNTL
47.275,47.4556,47.275,47.4556,1227,2022-02-18 16:10:00,ZNTL
47.34,47.55,47.34,47.4,1403,2022-02-18 16:15:00,ZNTL
47.45,48.0,47.45,47.92,3751,2022-02-18 16:20:00,ZNTL
47.79,47.79,47.595,47.595,936,2022-02-18 16:25:00,ZNTL
47.47,47.51,47.42,47.42,500,2022-02-18 16:30:00,ZNTL
47.54,47.77,47.52,47.77,800,2022-02-18 16:35:00,ZNTL
47.69,47.8,47.65,47.65,700,2022-02-18 16:40:00,ZNTL
47.66,47.71,47.52,47.52,400,2022-02-18 16:45:00,ZNTL
47.34,47.58,47.33,47.58,2500,2022-02-18 16:50:00,ZNTL
47.37,47.59,47.37,47.55,6900,2022-02-18 16:55:00,ZNTL
47.64,47.71,47.53,47.53,617,2022-02-18 17:00:00,ZNTL
47.46,47.7,47.46,47.7,700,2022-02-18 17:05:00,ZNTL
47.55,47.76,47.49,47.49,1335,2022-02-18 17:10:00,ZNTL
47.45,47.57,47.42,47.42,1800,2022-02-18 17:15:00,ZNTL
47.305,47.69,47.2954,47.65,6088,2022-02-18 17:20:00,ZNTL
47.61,47.61,47.495,47.495,200,2022-02-18 17:25:00,ZNTL
47.435,47.63,47.26,47.27,900,2022-02-18 17:30:00,ZNTL
47.24,47.67,47.11,47.55,39938,2022-02-18 17:35:00,ZNTL
47.33,47.34,47.33,47.33,300,2022-02-18 17:40:00,ZNTL
47.24,47.24,47.055,47.19,600,2022-02-18 17:45:00,ZNTL
47.1,47.44,47.1,47.255,1200,2022-02-18 17:50:00,ZNTL
47.26,47.26,47.26,47.26,100,2022-02-18 17:55:00,ZNTL
47.35,47.38,47.35,47.38,300,2022-02-18 18:00:00,ZNTL
47.49,47.49,47.39,47.48,500,2022-02-18 18:05:00,ZNTL
47.38,47.38,47.38,47.38,418,2022-02-18 18:10:00,ZNTL
47.38,47.465,47.17,47.19,1700,2022-02-18 18:15:00,ZNTL
47.24,47.46,47.115,47.46,1300,2022-02-18 18:20:00,ZNTL
47.33,47.44,47.255,47.44,500,2022-02-18 18:25:00,ZNTL
47.35,47.43,47.27,47.29,1155,2022-02-18 18:30:00,ZNTL
47.31,47.53,47.3,47.53,3300,2022-02-18 18:35:00,ZNTL
47.65,47.73,47.555,47.605,1716,2022-02-18 18:40:00,ZNTL
47.6,47.675,47.55,47.675,1127,2022-02-18 18:45:00,ZNTL
47.7,47.78,47.62,47.69,1600,2022-02-18 18:50:00,ZNTL
47.69,47.69,47.535,47.56,2458,2022-02-18 18:55:00,ZNTL
47.56,47.795,47.56,47.6,1600,2022-02-18 19:00:00,ZNTL
47.67,47.7,47.41,47.7,3740,2022-02-18 19:05:00,ZNTL
47.71,47.87,47.7,47.76,1800,2022-02-18 19:10:00,ZNTL
47.68,47.85,47.67,47.78,1725,2022-02-18 19:15:00,ZNTL
47.825,48.04,47.805,47.955,2200,2022-02-18 19:20:00,ZNTL
48.04,48.26,47.955,48.22,2300,2022-02-18 19:25:00,ZNTL
48.215,48.33,48.16,48.26,1000,2022-02-18 19:30:00,ZNTL
48.37,48.38,48.13,48.13,2184,2022-02-18 19:35:00,ZNTL
48.145,48.145,47.74,47.74,2600,2022-02-18 19:40:00,ZNTL
47.77,47.86,47.69,47.71,1500,2022-02-18 19:45:00,ZNTL
47.69,47.69,47.47,47.48,4403,2022-02-18 19:50:00,ZNTL
47.55,47.69,47.43,47.62,3400,2022-02-18 19:55:00,ZNTL
47.65,47.785,47.59,47.59,4017,2022-02-18 20:00:00,ZNTL
47.605,47.75,47.32,47.62,2400,2022-02-18 20:05:00,ZNTL
47.62,47.765,47.44,47.57,3000,2022-02-18 20:10:00,ZNTL
47.575,47.65,47.23,47.335,6359,2022-02-18 20:15:00,ZNTL
47.4,47.59,47.28,47.34,2605,2022-02-18 20:20:00,ZNTL
47.34,47.52,47.315,47.4,4153,2022-02-18 20:25:00,ZNTL
47.34,47.51,47.28,47.395,4108,2022-02-18 20:30:00,ZNTL
47.37,47.43,47.28,47.43,5569,2022-02-18 20:35:00,ZNTL
47.475,47.56,47.32,47.55,6610,2022-02-18 20:40:00,ZNTL
47.68,47.91,47.38,47.63,5305,2022-02-18 20:45:00,ZNTL
47.55,47.76,47.41,47.6,20504,2022-02-18 20:50:00,ZNTL
47.7,47.83,47.31,47.54,60186,2022-02-18 20:55:00,ZNTL
47.66,47.66,47.66,47.66,51911,2022-02-18 21:00:00,ZNTL
47.32,48.1,47.0,47.0,2634,2022-02-22 14:30:00,ZNTL
47.91,48.5,47.44,48.5,900,2022-02-22 14:35:00,ZNTL
47.09,48.17,46.65,46.95,6957,2022-02-22 14:40:00,ZNTL
46.96,47.56,46.69,47.53,1576,2022-02-22 14:45:00,ZNTL
47.83,48.15,47.47,47.83,900,2022-02-22 14:50:00,ZNTL
48.03,48.59,47.83,48.59,1800,2022-02-22 14:55:00,ZNTL
48.61,48.85,48.37,48.495,3695,2022-02-22 15:00:00,ZNTL
48.42,49.14,48.28,49.14,4126,2022-02-22 15:05:00,ZNTL
48.935,49.64,48.935,49.64,1500,2022-02-22 15:10:00,ZNTL
49.79,50.26,49.79,50.06,1600,2022-02-22 15:15:00,ZNTL
50.3,50.39,49.71,49.835,1100,2022-02-22 15:20:00,ZNTL
49.83,50.18,49.83,50.18,2900,2022-02-22 15:25:00,ZNTL
50.215,50.33,49.8,49.8,1200,2022-02-22 15:30:00,ZNTL
49.79,50.045,49.79,50.045,1400,2022-02-22 15:35:00,ZNTL
50.17,50.37,50.0,50.16,2600,2022-02-22 15:40:00,ZNTL
50.18,50.73,50.1,50.3,4779,2022-02-22 15:45:00,ZNTL
50.39,50.4499,50.13,50.16,2160,2022-02-22 15:50:00,ZNTL
50.155,50.16,49.96,50.06,3750,2022-02-22 15:55:00,ZNTL
50.14,50.38,50.06,50.29,2400,2022-02-22 16:00:00,ZNTL
50.345,50.345,50.07,50.275,3900,2022-02-22 16:05:00,ZNTL
50.28,50.49,50.28,50.39,1600,2022-02-22 16:10:00,ZNTL
50.44,50.44,49.8,49.8,2100,2022-02-22 16:15:00,ZNTL
49.8,49.8,49.41,49.41,2450,2022-02-22 16:20:00,ZNTL
49.315,49.315,48.93,48.99,2604,2022-02-22 16:25:00,ZNTL
48.89,49.02,48.59,48.59,700,2022-02-22 16:30:00,ZNTL
48.55,48.91,48.5,48.9,3408,2022-02-22 16:35:00,ZNTL
48.69,48.83,48.67,48.83,1172,2022-02-22 16:40:00,ZNTL
48.835,48.945,48.835,48.88,1300,2022-02-22 16:45:00,ZNTL
49.05,49.05,48.53,48.53,1300,2022-02-22 16:50:00,ZNTL
48.54,48.66,48.54,48.66,1642,2022-02-22 16:55:00,ZNTL
48.595,48.9,48.595,48.77,1400,2022-02-22 17:00:00,ZNTL
48.955,48.98,48.82,48.98,500,2022-02-22 17:05:00,ZNTL
48.82,48.82,48.47,48.54,2600,2022-02-22 17:10:00,ZNTL
48.615,48.75,48.53,48.75,1700,2022-02-22 17:15:00,ZNTL
48.75,48.99,48.75,48.99,1100,2022-02-22 17:20:00,ZNTL
48.96,49.23,48.96,49.125,1200,2022-02-22 17:25:00,ZNTL
49.02,49.02,48.88,48.88,800,2022-02-22 17:30:00,ZNTL
48.97,49.14,48.91,49.12,1890,2022-02-22 17:35:00,ZNTL
48.91,48.93,48.82,48.83,1300,2022-02-22 17:40:00,ZNTL
48.68,48.775,48.54,48.64,1900,2022-02-22 17:45:00,ZNTL
48.78,49.17,48.78,49.0,1800,2022-02-22 17:50:00,ZNTL
48.93,48.93,48.93,48.93,100,2022-02-22 17:55:00,ZNTL
48.93,48.93,48.93,48.93,100,2022-02-22 18:00:00,ZNTL
49.0,49.15,48.92,49.0525,4487,2022-02-22 18:05:00,ZNTL
49.18,49.24,49.07,49.11,1829,2022-02-22 18:10:00,ZNTL
49.0,49.0,48.73,48.73,400,2022-02-22 18:15:00,ZNTL
48.73,48.7425,48.73,48.7425,300,2022-02-22 18:20:00,ZNTL
48.745,48.85,48.67,48.67,700,2022-02-22 18:25:00,ZNTL
48.5,49.02,48.5,48.935,3180,2022-02-22 18:30:00,ZNTL
48.83,48.87,48.69,48.87,500,2022-02-22 18:35:00,ZNTL
48.72,48.86,48.72,48.86,1700,2022-02-22 18:40:00,ZNTL
48.79,48.79,48.77,48.77,502,2022-02-22 18:45:00,ZNTL
48.76,48.8,48.5314,48.71,8024,2022-02-22 18:50:00,ZNTL
48.72,49.13,48.63,49.11,2300,2022-02-22 18:55:00,ZNTL
48.995,49.13,48.95,49.0075,1300,2022-02-22 19:00:00,ZNTL
49.015,49.015,48.85,48.88,600,2022-02-22 19:05:00,ZNTL
48.86,48.895,48.76,48.79,1300,2022-02-22 19:10:00,ZNTL
48.81,49.17,48.75,48.865,8500,2022-02-22 19:15:00,ZNTL
48.875,49.04,48.73,48.94,2800,2022-02-22 19:20:00,ZNTL
48.97,49.2506,48.71,48.73,3438,2022-02-22 19:25:00,ZNTL
48.82,49.13,48.73,48.73,2618,2022-02-22 19:30:00,ZNTL
48.9,49.06,48.825,48.91,3894,2022-02-22 19:35:00,ZNTL
48.81,48.945,48.57,48.72,2802,2022-02-22 19:40:00,ZNTL
48.6,48.97,48.24,48.925,7669,2022-02-22 19:45:00,ZNTL
48.9,49.07,48.7,49.05,2500,2022-02-22 19:50:00,ZNTL
49.0,49.17,48.92,48.92,6328,2022-02-22 19:55:00,ZNTL
48.925,50.01,48.925,49.85,6900,2022-02-22 20:00:00,ZNTL
49.88,50.03,49.62,49.855,3683,2022-02-22 20:05:00,ZNTL
49.855,50.325,49.855,50.095,6840,2022-02-22 20:10:00,ZNTL
50.01,50.01,49.7,49.7,2983,2022-02-22 20:15:00,ZNTL
49.71,50.005,49.71,49.845,3600,2022-02-22 20:20:00,ZNTL
49.94,50.02,49.757,50.015,4639,2022-02-22 20:25:00,ZNTL
49.85,49.89,49.55,49.55,9417,2022-02-22 20:30:00,ZNTL
49.615,49.96,49.5,49.845,11993,2022-02-22 20:35:00,ZNTL
49.84,49.975,49.76,49.92,7239,2022-02-22 20:40:00,ZNTL
49.87,49.93,49.285,49.42,7908,2022-02-22 20:45:00,ZNTL
49.47,49.48,49.18,49.44,16172,2022-02-22 20:50:00,ZNTL
49.35,49.7,49.05,49.5,82629,2022-02-22 20:55:00,ZNTL
49.5,49.5,48.99,48.99,50026,2022-02-22 21:00:00,ZNTL
49.96,49.96,49.96,49.96,1467,2022-02-23 14:30:00,ZNTL
49.38,49.38,49.38,49.38,100,2022-02-23 14:35:00,ZNTL
49.56,49.82,49.535,49.82,1269,2022-02-23 14:40:00,ZNTL
49.89,49.89,49.35,49.74,3095,2022-02-23 14:55:00,ZNTL
49.55,49.59,49.5125,49.59,1445,2022-02-23 15:00:00,ZNTL
49.55,49.66,49.355,49.44,1800,2022-02-23 15:05:00,ZNTL
49.4598,49.78,49.36,49.625,2940,2022-02-23 15:10:00,ZNTL
49.485,49.73,49.445,49.63,2341,2022-02-23 15:15:00,ZNTL
49.6,49.75,49.42,49.485,4960,2022-02-23 15:20:00,ZNTL
49.42,49.49,49.21,49.49,6100,2022-02-23 15:25:00,ZNTL
49.47,49.48,48.8,48.8,5282,2022-02-23 15:30:00,ZNTL
48.9,49.16,48.875,49.16,3779,2022-02-23 15:35:00,ZNTL
49.05,49.05,49.05,49.05,100,2022-02-23 15:40:00,ZNTL
48.83,48.97,48.81,48.895,1824,2022-02-23 15:45:00,ZNTL
48.75,48.75,48.73,48.73,305,2022-02-23 15:50:00,ZNTL
48.81,48.94,48.81,48.94,990,2022-02-23 15:55:00,ZNTL
48.75,48.87,48.745,48.78,1200,2022-02-23 16:00:00,ZNTL
48.76,48.76,48.76,48.76,100,2022-02-23 16:05:00,ZNTL
48.55,48.62,48.46,48.62,1305,2022-02-23 16:10:00,ZNTL
48.55,48.55,48.55,48.55,200,2022-02-23 16:15:00,ZNTL
48.61,48.69,48.6,48.69,1020,2022-02-23 16:20:00,ZNTL
48.73,48.83,48.58,48.63,800,2022-02-23 16:25:00,ZNTL
48.67,48.9,48.67,48.715,400,2022-02-23 16:30:00,ZNTL
48.73,48.97,48.73,48.97,500,2022-02-23 16:35:00,ZNTL
48.75,48.75,48.66,48.74,300,2022-02-23 16:40:00,ZNTL
48.41,48.83,48.41,48.83,7200,2022-02-23 16:50:00,ZNTL
48.97,48.97,48.79,48.86,500,2022-02-23 16:55:00,ZNTL
48.84,49.12,48.84,49.12,576,2022-02-23 17:00:00,ZNTL
49.005,49.11,49.005,49.11,200,2022-02-23 17:05:00,ZNTL
49.1,49.25,49.01,49.115,1600,2022-02-23 17:10:00,ZNTL
49.3,49.36,49.11,49.175,7300,2022-02-23 17:15:00,ZNTL
49.165,49.165,49.04,49.125,431,2022-02-23 17:20:00,ZNTL
49.07,49.105,48.96,49.03,1208,2022-02-23 17:25:00,ZNTL
49.025,49.04,48.93,48.94,900,2022-02-23 17:30:00,ZNTL
48.84,48.85,48.6,48.705,3579,2022-02-23 17:35:00,ZNTL
48.79,48.79,48.79,48.79,292,2022-02-23 17:40:00,ZNTL
48.89,49.03,48.89,48.95,400,2022-02-23 17:45:00,ZNTL
48.855,48.855,48.54,48.56,1200,2022-02-23 17:50:00,ZNTL
48.44,48.49,48.44,48.49,400,2022-02-23 17:55:00,ZNTL
48.45,48.45,48.4,48.4,1196,2022-02-23 18:05:00,ZNTL
48.405,48.405,48.16,48.375,1811,2022-02-23 18:10:00,ZNTL
48.355,48.47,48.25,48.31,3623,2022-02-23 18:15:00,ZNTL
48.44,48.49,48.43,48.4799,2392,2022-02-23 18:20:00,ZNTL
48.46,48.805,48.46,48.805,6977,2022-02-23 18:25:00,ZNTL
48.81,48.81,48.73,48.73,500,2022-02-23 18:30:00,ZNTL
48.81,49.08,48.76,49.08,3977,2022-02-23 18:35:00,ZNTL
49.14,49.33,49.14,49.33,700,2022-02-23 18:40:00,ZNTL
49.23,49.26,49.13,49.19,2800,2022-02-23 18:45:00,ZNTL
49.21,49.21,48.85,48.86,800,2022-02-23 18:50:00,ZNTL
48.87,48.91,48.87,48.91,726,2022-02-23 18:55:00,ZNTL
48.98,49.01,48.55,48.55,1650,2022-02-23 19:00:00,ZNTL
48.7,48.8,48.7,48.76,1100,2022-02-23 19:05:00,ZNTL
48.8,48.92,48.68,48.845,3606,2022-02-23 19:10:00,ZNTL
48.835,48.835,48.635,48.79,1755,2022-02-23 19:15:00,ZNTL
48.71,48.71,48.43,48.43,1100,2022-02-23 19:20:00,ZNTL
48.48,48.48,48.305,48.48,600,2022-02-23 19:25:00,ZNTL
48.48,48.48,48.0,48.0,2530,2022-02-23 19:30:00,ZNTL
48.02,48.27,48.0,48.27,3950,2022-02-23 19:35:00,ZNTL
48.3,48.32,48.19,48.21,2470,2022-02-23 19:40:00,ZNTL
48.32,48.53,48.27,48.47,1897,2022-02-23 19:45:00,ZNTL
48.4,48.42,48.29,48.31,1394,2022-02-23 19:50:00,ZNTL
48.23,48.27,48.12,48.12,1700,2022-02-23 19:55:00,ZNTL
48.13,48.38,48.13,48.225,4640,2022-02-23 20:00:00,ZNTL
48.29,48.29,48.0,48.21,6793,2022-02-23 20:05:00,ZNTL
48.25,48.41,48.175,48.41,3300,2022-02-23 20:10:00,ZNTL
48.33,48.37,48.16,48.2,5023,2022-02-23 20:15:00,ZNTL
48.17,48.31,47.99,48.03,5937,2022-02-23 20:20:00,ZNTL
48.17,48.34,48.09,48.18,2100,2022-02-23 20:25:00,ZNTL
48.25,48.27,48.11,48.24,2210,2022-02-23 20:30:00,ZNTL
48.31,48.375,48.05,48.15,7060,2022-02-23 20:35:00,ZNTL
48.2,48.24,47.86,48.04,4558,2022-02-23 20:40:00,ZNTL
47.965,48.29,47.965,48.155,17269,2022-02-23 20:45:00,ZNTL
47.98,48.095,47.7,47.835,5705,2022-02-23 20:50:00,ZNTL
47.87,47.87,47.67,47.69,25634,2022-02-23 20:55:00,ZNTL
47.69,47.69,47.69,47.69,46342,2022-02-23 21:00:00,ZNTL
47.69,47.69,47.69,47.69,536,2022-02-23 21:30:00,ZNTL
46.38,46.38,46.38,46.38,100,2022-02-24 14:25:00,ZNTL
46.37,47.12,46.37,46.94,1763,2022-02-24 14:30:00,ZNTL
47.14,47.14,46.98,47.05,400,2022-02-24 14:35:00,ZNTL
47.0,47.04,46.58,46.58,1200,2022-02-24 14:40:00,ZNTL
46.865,47.57,46.865,47.51,5847,2022-02-24 14:45:00,ZNTL
47.98,47.98,47.47,47.875,1800,2022-02-24 14:55:00,ZNTL
47.71,47.83,47.4375,47.65,3000,2022-02-24 15:00:00,ZNTL
47.48,48.44,47.48,48.275,1500,2022-02-24 15:05:00,ZNTL
48.3807,48.41,48.22,48.39,3634,2022-02-24 15:10:00,ZNTL
48.54,48.54,48.415,48.415,500,2022-02-24 15:15:00,ZNTL
48.56,48.58,48.29,48.44,1200,2022-02-24 15:20:00,ZNTL
48.04,48.04,47.78,47.83,400,2022-02-24 15:25:00,ZNTL
47.82,47.82,47.82,47.82,100,2022-02-24 15:30:00,ZNTL
47.675,47.675,46.69,46.77,2767,2022-02-24 15:35:00,ZNTL
46.63,46.825,46.61,46.73,2660,2022-02-24 15:40:00,ZNTL
46.64,46.8075,46.51,46.8075,800,2022-02-24 15:45:00,ZNTL
46.98,47.005,46.72,46.8325,4800,2022-02-24 15:50:00,ZNTL
47.0,47.31,46.84,47.125,5333,2022-02-24 15:55:00,ZNTL
47.03,47.4325,46.78,46.79,2720,2022-02-24 16:00:00,ZNTL
46.98,47.31,46.98,47.31,1000,2022-02-24 16:05:00,ZNTL
47.28,47.5,47.28,47.49,1800,2022-02-24 16:10:00,ZNTL
47.6,47.95,47.6,47.95,900,2022-02-24 16:15:00,ZNTL
47.89,47.89,47.2,47.51,3070,2022-02-24 16:25:00,ZNTL
47.57,47.67,47.35,47.35,1004,2022-02-24 16:30:00,ZNTL
47.44,47.44,47.24,47.245,800,2022-02-24 16:35:00,ZNTL
47.37,47.39,47.11,47.17,2200,2022-02-24 16:40:00,ZNTL
47.195,47.36,46.99,47.36,800,2022-02-24 16:45:00,ZNTL
47.51,47.85,47.51,47.56,900,2022-02-24 16:50:00,ZNTL
47.9,47.9,47.9,47.9,200,2022-02-24 16:55:00,ZNTL
48.07,48.09,47.69,47.7,1000,2022-02-24 17:05:00,ZNTL
47.63,47.67,47.46,47.53,900,2022-02-24 17:10:00,ZNTL
47.33,47.69,47.33,47.565,2610,2022-02-24 17:15:00,ZNTL
47.43,47.43,47.335,47.335,400,2022-02-24 17:20:00,ZNTL
47.48,47.71,47.48,47.71,400,2022-02-24 17:25:00,ZNTL
47.59,47.6,47.59,47.6,200,2022-02-24 17:30:00,ZNTL
48.04,48.04,48.04,48.04,100,2022-02-24 17:35:00,ZNTL
48.075,48.075,48.075,48.075,100,2022-02-24 17:40:00,ZNTL
47.86,47.87,47.62,47.78,700,2022-02-24 17:45:00,ZNTL
47.3519,47.47,47.11,47.37,2756,2022-02-24 17:50:00,ZNTL
47.2,47.52,47.03,47.1,1936,2022-02-24 17:55:00,ZNTL
47.22,47.32,47.15,47.15,500,2022-02-24 18:00:00,ZNTL
47.13,47.61,47.13,47.61,4100,2022-02-24 18:05:00,ZNTL
47.53,47.835,47.53,47.74,1600,2022-02-24 18:10:00,ZNTL
47.84,47.89,47.62,47.765,1947,2022-02-24 18:15:00,ZNTL
47.885,47.89,47.58,47.74,3194,2022-02-24 18:20:00,ZNTL
47.85,47.85,47.71,47.83,900,2022-02-24 18:25:00,ZNTL
47.85,48.0,47.85,47.97,6945,2022-02-24 18:30:00,ZNTL
47.94,48.255,47.94,48.22,8792,2022-02-24 18:35:00,ZNTL
48.41,49.05,48.365,49.0,3307,2022-02-24 18:40:00,ZNTL
48.89,49.43,48.76,49.43,4450,2022-02-24 18:45:00,ZNTL
49.32,49.37,49.04,49.255,1100,2022-02-24 18:50:00,ZNTL
49.05,49.07,48.81,48.81,1200,2022-02-24 18:55:00,ZNTL
48.69,48.7,48.6,48.615,1500,2022-02-24 19:00:00,ZNTL
48.68,48.88,48.53,48.74,1200,2022-02-24 19:05:00,ZNTL
48.69,49.24,48.66,49.24,1100,2022-02-24 19:10:00,ZNTL
49.11,49.4,49.05,49.14,2500,2022-02-24 19:15:00,ZNTL
49.25,49.25,49.155,49.175,300,2022-02-24 19:20:00,ZNTL
49.19,49.3,49.19,49.3,300,2022-02-24 19:25:00,ZNTL
49.3,49.62,49.3,49.47,1200,2022-02-24 19:30:00,ZNTL
49.59,49.91,49.59,49.9,2300,2022-02-24 19:35:00,ZNTL
49.89,49.92,49.69,49.71,1700,2022-02-24 19:40:00,ZNTL
49.81,50.12,49.57,50.12,1283,2022-02-24 19:45:00,ZNTL
49.89,50.11,49.78,50.11,2673,2022-02-24 19:55:00,ZNTL
50.23,50.415,50.23,50.415,1701,2022-02-24 20:00:00,ZNTL
50.43,50.48,50.4,50.41,1873,2022-02-24 20:05:00,ZNTL
50.53,50.53,50.53,50.53,100,2022-02-24 20:10:00,ZNTL
50.39,50.57,50.1101,50.57,4997,2022-02-24 20:15:00,ZNTL
50.59,50.68,50.59,50.62,1365,2022-02-24 20:20:00,ZNTL
50.58,50.87,50.58,50.87,2503,2022-02-24 20:25:00,ZNTL
50.89,51.36,50.89,51.33,2843,2022-02-24 20:30:00,ZNTL
51.39,51.64,51.25,51.4,4022,2022-02-24 20:35:00,ZNTL
51.34,51.64,51.32,51.385,2497,2022-02-24 20:40:00,ZNTL
51.41,51.5,51.08,51.08,2830,2022-02-24 20:45:00,ZNTL
51.22,51.5403,51.01,51.08,8915,2022-02-24 20:50:00,ZNTL
51.25,51.3,50.66,50.79,55339,2022-02-24 20:55:00,ZNTL
50.9,50.9,50.9,50.9,55326,2022-02-24 21:00:00,ZNTL
50.9,50.9,50.9,50.9,953,2022-02-24 21:50:00,ZNTL
51.37,51.37,50.68,51.35,3088,2022-02-25 14:30:00,ZNTL
51.15,51.15,51.15,51.15,100,2022-02-25 14:35:00,ZNTL
50.5,51.0,50.241,50.241,4551,2022-02-25 14:40:00,ZNTL
50.34,50.525,50.2,50.525,2806,2022-02-25 14:45:00,ZNTL
50.675,50.82,50.32,50.45,7900,2022-02-25 14:50:00,ZNTL
50.43,50.43,49.97,49.97,400,2022-02-25 14:55:00,ZNTL
49.85,49.85,49.85,49.85,100,2022-02-25 15:00:00,ZNTL
49.485,49.8,49.485,49.8,400,2022-02-25 15:05:00,ZNTL
50.0,50.05,50.0,50.005,300,2022-02-25 15:10:00,ZNTL
49.69,49.89,49.58,49.89,1900,2022-02-25 15:15:00,ZNTL
49.91,50.2,49.91,50.18,1000,2022-02-25 15:20:00,ZNTL
50.195,50.195,50.05,50.05,400,2022-02-25 15:25:00,ZNTL
50.01,50.135,50.01,50.135,400,2022-02-25 15:30:00,ZNTL
49.97,49.99,49.9,49.99,300,2022-02-25 15:35:00,ZNTL
50.08,50.41,50.06,50.34,800,2022-02-25 15:40:00,ZNTL
50.585,50.635,50.585,50.635,200,2022-02-25 15:45:00,ZNTL
50.72,50.72,50.7,50.7,200,2022-02-25 15:50:00,ZNTL
50.79,50.79,50.44,50.44,800,2022-02-25 15:55:00,ZNTL
50.27,50.36,50.09,50.31,6340,2022-02-25 16:00:00,ZNTL
50.385,50.5,50.11,50.185,6917,2022-02-25 16:05:00,ZNTL
50.13,50.25,49.99,50.21,3446,2022-02-25 16:10:00,ZNTL
50.19,50.34,50.19,50.26,2800,2022-02-25 16:15:00,ZNTL
50.3,50.33,50.16,50.33,900,2022-02-25 16:20:00,ZNTL
50.26,50.53,50.26,50.47,1000,2022-02-25 16:25:00,ZNTL
50.32,50.32,50.1,50.165,900,2022-02-25 16:30:00,ZNTL
50.165,50.165,49.94,49.94,2700,2022-02-25 16:35:00,ZNTL
49.9525,49.9525,49.9525,49.9525,100,2022-02-25 16:40:00,ZNTL
49.92,50.055,49.92,50.055,900,2022-02-25 16:45:00,ZNTL
50.04,50.04,49.86,49.92,500,2022-02-25 16:50:00,ZNTL
49.945,50.02,49.89,49.9,1600,2022-02-25 16:55:00,ZNTL
49.82,49.83,49.79,49.83,500,2022-02-25 17:00:00,ZNTL
49.66,49.66,49.28,49.36,1500,2022-02-25 17:05:00,ZNTL
49.495,49.82,49.495,49.82,10257,2022-02-25 17:10:00,ZNTL
49.815,50.16,49.815,50.16,2000,2022-02-25 17:15:00,ZNTL
50.19,50.19,50.04,50.04,1018,2022-02-25 17:20:00,ZNTL
50.01,50.16,49.93,50.16,1534,2022-02-25 17:25:00,ZNTL
50.205,50.205,50.205,50.205,100,2022-02-25 17:30:00,ZNTL
50.0,50.12,50.0,50.12,400,2022-02-25 17:35:00,ZNTL
50.06,50.325,50.06,50.26,1300,2022-02-25 17:40:00,ZNTL
50.22,50.22,50.22,50.22,100,2022-02-25 17:45:00,ZNTL
49.95,49.975,49.82,49.82,1453,2022-02-25 17:50:00,ZNTL
49.76,50.175,49.74,50.175,3400,2022-02-25 17:55:00,ZNTL
50.27,50.42,50.24,50.395,3409,2022-02-25 18:00:00,ZNTL
50.335,50.335,50.15,50.15,200,2022-02-25 18:05:00,ZNTL
50.15,50.2,50.02,50.02,5300,2022-02-25 18:10:00,ZNTL
50.035,50.25,50.035,50.21,1700,2022-02-25 18:15:00,ZNTL
50.17,50.45,50.12,50.45,800,2022-02-25 18:20:00,ZNTL
50.455,50.64,50.455,50.585,1684,2022-02-25 18:25:00,ZNTL
50.645,50.86,50.645,50.82,600,2022-02-25 18:30:00,ZNTL
50.93,50.93,50.69,50.795,1600,2022-02-25 18:35:00,ZNTL
50.805,50.85,50.8,50.8,600,2022-02-25 18:40:00,ZNTL
50.69,50.695,50.56,50.62,900,2022-02-25 18:45:00,ZNTL
50.615,50.8,50.615,50.8,1200,2022-02-25 18:50:00,ZNTL
50.73,50.81,50.5,50.67,2800,2022-02-25 18:55:00,ZNTL
50.66,50.87,50.57,50.835,2000,2022-02-25 19:00:00,ZNTL
50.82,50.825,50.63,50.63,1000,2022-02-25 19:05:00,ZNTL
50.61,50.61,50.505,50.58,700,2022-02-25 19:10:00,ZNTL
50.55,50.63,50.5,50.61,1200,2022-02-25 19:15:00,ZNTL
50.61,50.79,50.61,50.755,2300,2022-02-25 19:20:00,ZNTL
50.77,50.865,50.69,50.715,1900,2022-02-25 19:25:00,ZNTL
50.71,50.86,50.485,50.485,2700,2022-02-25 19:30:00,ZNTL
50.615,50.7,50.39,50.39,2400,2022-02-25 19:35:00,ZNTL
50.285,50.5,50.285,50.39,1000,2022-02-25 19:40:00,ZNTL
50.45,50.65,50.45,50.61,900,2022-02-25 19:45:00,ZNTL
50.665,50.73,50.52,50.67,1100,2022-02-25 19:50:00,ZNTL
50.68,51.0,50.68,50.93,600,2022-02-25 19:55:00,ZNTL
51.07,51.37,51.0,51.205,1109,2022-02-25 20:00:00,ZNTL
51.15,51.15,50.75,51.11,3413,2022-02-25 20:05:00,ZNTL
51.08,51.08,50.88,51.03,2400,2022-02-25 20:10:00,ZNTL
51.075,51.15,50.92,51.06,1606,2022-02-25 20:15:00,ZNTL
50.97,51.06,50.92,51.025,1400,2022-02-25 20:20:00,ZNTL
50.96,50.96,50.86,50.935,1000,2022-02-25 20:25:00,ZNTL
50.91,51.045,50.91,51.025,900,2022-02-25 20:30:00,ZNTL
50.95,50.98,50.8,50.935,3700,2022-02-25 20:35:00,ZNTL
50.91,51.055,50.87,51.035,1400,2022-02-25 20:40:00,ZNTL
51.03,51.14,50.95,51.03,3000,2022-02-25 20:45:00,ZNTL
51.14,51.29,51.11,51.2,6718,2022-02-25 20:50:00,ZNTL
51.31,51.37,51.14,51.315,21244,2022-02-25 20:55:00,ZNTL
51.32,51.32,51.32,51.32,27250,2022-02-25 21:00:00,ZNTL
